MAKH,SDT,HOTEN,NGAYSINH,GIOITINH,DIACHI,DIEMTICHLUY
KH0001,104332181,Đỗ Hoàng Bình,5/4/1971,Nam,Hà Nội,3811
KH0002,890838637,Đỗ Minh An,1/15/2004,Nam,Đồng Nai,6924
KH0003,542351161,Huỳnh Thanh Tài,1/30/1997,Nữ,TP.HCM,7527
KH0004,816184959,Phạm Ngọc Cường,1/21/1972,Nam,Đà Nẵng,1307
KH0005,316475255,Phạm Ngọc Nam,6/25/2001,Nam,Bình Dương,2803
KH0006,832764835,Nguyễn Thị Bình,2/25/1984,Nữ,Đà Nẵng,1084
KH0007,395376724,Lê Thị Nam,7/6/2003,Nữ,Bình Dương,6543
KH0008,532871012,Lê Thanh Trang,10/2/1996,Nam,Cần Thơ,6252
KH0009,978480184,Huỳnh Văn Phúc,7/3/1989,Nam,Cần Thơ,53
KH0010,482814893,Lê Minh Khánh,3/13/1994,Nam,Bình Dương,5310
KH0011,701543039,Trần Văn Hương,2/7/1973,Nam,Hà Nội,7787
KH0012,824896383,Hoàng Hoàng Tài,8/26/1989,Nữ,TP.HCM,4061
KH0013,315098393,Nguyễn Văn Bình,4/8/1980,Nam,TP.HCM,5413
KH0014,183473829,Đỗ Hoàng Minh,3/13/2005,Nữ,Cần Thơ,3119
KH0015,116566701,Nguyễn Hoàng Quang,11/29/2005,Nam,Hà Nội,3139
KH0016,387262473,Trần Hoàng Dũng,4/8/1972,Nam,TP.HCM,3872
KH0017,267736026,Nguyễn Hoàng Nam,3/4/2005,Nữ,Đà Nẵng,6930
KH0018,872343098,Nguyễn Ngọc Quang,7/25/1972,Nam,Bình Dương,7811
KH0019,882081219,Trần Ngọc Minh,2/11/1988,Nam,Bình Dương,4033
KH0020,990916998,Huỳnh Minh Long,1/16/2000,Nữ,Hà Nội,4351
KH0021,624751079,Đỗ Văn Cường,2/12/1994,Nam,Bình Dương,4345
KH0022,251354278,Hoàng Gia An,12/17/1999,Nữ,Đồng Nai,1697
KH0023,241182449,Phạm Ngọc Quang,2/18/1979,Nữ,Bình Dương,8004
KH0024,401640052,Hoàng Thị Linh,9/30/1994,Nữ,Bình Dương,158
KH0025,112805982,Võ Thị Bình,10/30/1983,Nữ,TP.HCM,5862
KH0026,331586923,Lê Thanh Khánh,6/30/1988,Nam,Hà Nội,5442
KH0027,634216073,Phạm Thanh Linh,9/7/1985,Nữ,Hà Nội,3652
KH0028,36541458,Võ Ngọc Quang,3/29/1971,Nam,Đà Nẵng,2925
KH0029,940196556,Đỗ Gia Dũng,4/13/1987,Nam,Đà Nẵng,727
KH0030,608835615,Đỗ Minh Dũng,4/15/2002,Nữ,Bình Dương,5067
KH0031,656482366,Lê Gia Phúc,3/20/1988,Nam,Đà Nẵng,4700
KH0032,369957773,Bùi Hoàng Khánh,7/22/1999,Nam,Đà Nẵng,8445
KH0033,951343320,Nguyễn Thị Hương,6/3/1997,Nam,Cần Thơ,6790
KH0034,936763201,Võ Thị Khánh,3/20/2001,Nữ,TP.HCM,9132
KH0035,317278895,Đặng Gia Trang,7/30/1994,Nữ,Hà Nội,7777
KH0036,743487347,Trần Ngọc Phúc,7/8/1980,Nữ,Đà Nẵng,5238
KH0037,812236231,Võ Hoàng Quang,5/5/1994,Nữ,Cần Thơ,1020
KH0038,366909670,Huỳnh Minh Tuấn,10/18/1988,Nam,Cần Thơ,3595
KH0039,467065627,Lê Gia An,9/4/1987,Nam,TP.HCM,7022
KH0040,272046537,Huỳnh Minh Tuấn,6/25/1982,Nữ,Đà Nẵng,1341
KH0041,708053100,Phạm Thị An,11/14/1997,Nam,Hà Nội,2068
KH0042,719374529,Đỗ Ngọc Dũng,11/21/2004,Nam,Đà Nẵng,1771
KH0043,904966319,Phạm Văn Phúc,9/10/2000,Nam,Bình Dương,672
KH0044,586518506,Đặng Văn Trang,4/1/1986,Nữ,Đồng Nai,2506
KH0045,628498776,Đỗ Minh Quang,1/5/1981,Nam,Đà Nẵng,7385
KH0046,379965075,Lê Hoàng Long,12/1/1985,Nữ,Đà Nẵng,4581
KH0047,948083136,Đặng Gia Minh,12/23/2000,Nữ,Đồng Nai,8041
KH0048,701436349,Huỳnh Hoàng Tài,2/1/1989,Nữ,Đà Nẵng,7434
KH0049,444313518,Lê Thị Long,2/18/2003,Nữ,Đà Nẵng,9659
KH0050,894134352,Hoàng Văn Hùng,4/22/1982,Nam,TP.HCM,9066
KH0051,427109477,Đặng Minh Khánh,4/21/1972,Nữ,Cần Thơ,1869
KH0052,167190229,Hoàng Văn Minh,4/25/1975,Nữ,Bình Dương,9766
KH0053,938677496,Hoàng Gia Bình,5/7/1997,Nam,Hà Nội,3457
KH0054,412328120,Võ Hoàng Hương,1/24/1983,Nam,Hà Nội,4720
KH0055,471349361,Bùi Thị Hùng,12/1/1981,Nam,TP.HCM,977
KH0056,249947174,Võ Minh Hương,8/21/1989,Nam,Bình Dương,653
KH0057,659401399,Nguyễn Thanh Nam,11/7/1995,Nam,Hà Nội,7708
KH0058,874296717,Huỳnh Hoàng Quang,5/27/1984,Nam,Hà Nội,5403
KH0059,674680715,Hoàng Minh Dũng,8/27/2004,Nữ,Bình Dương,18
KH0060,876038597,Đặng Thanh Bình,2/18/1979,Nữ,Bình Dương,2146
KH0061,477109324,Bùi Văn Trang,3/8/1974,Nam,TP.HCM,7560
KH0062,127484677,Phạm Hoàng Hùng,3/17/1987,Nam,Bình Dương,8327
KH0063,214658404,Hoàng Thanh Hương,8/31/1976,Nữ,Bình Dương,7935
KH0064,558867533,Đỗ Hoàng Minh,10/15/2004,Nữ,TP.HCM,5213
KH0065,766270289,Huỳnh Thanh Dũng,10/1/1989,Nam,Bình Dương,7486
KH0066,26217459,Võ Ngọc Cường,9/27/1984,Nữ,Đà Nẵng,7994
KH0067,809134316,Trần Thanh Dũng,11/26/1989,Nam,Đồng Nai,4906
KH0068,5045562,Phạm Gia Trang,5/22/1995,Nam,Hà Nội,2868
KH0069,196937923,Đặng Ngọc Nam,8/13/1990,Nữ,Đồng Nai,153
KH0070,748217594,Võ Ngọc Nam,6/29/1990,Nữ,Hà Nội,6302
KH0071,713695944,Nguyễn Thanh Tuấn,4/25/1982,Nam,Bình Dương,803
KH0072,974395339,Hoàng Ngọc Hùng,3/8/1998,Nam,Đồng Nai,645
KH0073,470952145,Võ Thị Long,12/6/1975,Nữ,Bình Dương,8221
KH0074,424745171,Lê Thanh Minh,5/3/2000,Nữ,Bình Dương,5992
KH0075,160481754,Đỗ Hoàng Tài,11/11/1974,Nam,Cần Thơ,410
KH0076,985931746,Trần Thị Bình,9/2/1971,Nữ,Cần Thơ,1902
KH0077,138267586,Đỗ Ngọc Hùng,8/11/1988,Nam,Cần Thơ,6686
KH0078,405377351,Huỳnh Gia Tài,9/19/1972,Nữ,Đà Nẵng,3109
KH0079,171390053,Lê Thanh Long,1/29/1973,Nam,Bình Dương,3538
KH0080,352904228,Hoàng Thanh Khánh,12/7/1974,Nam,Hà Nội,243
KH0081,539502402,Võ Gia Dũng,6/13/2003,Nam,Cần Thơ,7344
KH0082,589178390,Bùi Minh Linh,11/10/1998,Nam,TP.HCM,7847
KH0083,661771159,Lê Văn Hùng,5/3/1982,Nữ,Cần Thơ,9787
KH0084,847896118,Phạm Hoàng Linh,4/1/1980,Nữ,Đà Nẵng,7430
KH0085,661565452,Đặng Văn Cường,10/30/1973,Nam,Cần Thơ,1582
KH0086,528098851,Võ Minh Trang,5/6/2002,Nam,Đà Nẵng,9837
KH0087,451983273,Trần Minh Tài,2/26/1975,Nữ,Bình Dương,3705
KH0088,689980940,Lê Minh Phúc,3/30/1985,Nữ,TP.HCM,2972
KH0089,296120183,Võ Hoàng Linh,4/17/1985,Nam,Đà Nẵng,5105
KH0090,599102290,Trần Minh Linh,9/11/1999,Nữ,Cần Thơ,9946
KH0091,764381561,Hoàng Ngọc Hương,8/21/1993,Nữ,TP.HCM,3612
KH0092,690034324,Hoàng Minh Dũng,5/7/1970,Nữ,Đồng Nai,7055
KH0093,226838851,Võ Thanh Bình,7/27/1989,Nam,Cần Thơ,1275
KH0094,596966416,Nguyễn Minh Khánh,12/11/2005,Nữ,Đồng Nai,5928
KH0095,161369681,Võ Thanh Phúc,6/16/2003,Nữ,Hà Nội,5456
KH0096,218188355,Lê Thị Dũng,7/27/1976,Nữ,Hà Nội,2842
KH0097,921277997,Đỗ Ngọc Quang,2/19/1998,Nữ,Hà Nội,7205
KH0098,177449058,Trần Minh Linh,4/10/1990,Nam,TP.HCM,6041
KH0099,411998679,Bùi Thanh Bình,3/5/1990,Nam,Đà Nẵng,9912
KH0100,782071518,Lê Văn Minh,9/28/2001,Nữ,Cần Thơ,8586
KH0101,892554665,Đỗ Văn Quang,12/15/1972,Nữ,TP.HCM,9141
KH0102,644925192,Huỳnh Minh Tuấn,10/14/1975,Nam,Đà Nẵng,9157
KH0103,652816850,Huỳnh Minh Khánh,8/11/1979,Nữ,Cần Thơ,3145
KH0104,322141888,Nguyễn Ngọc Quang,5/17/2004,Nam,Bình Dương,6172
KH0105,222927065,Phạm Hoàng Phúc,10/2/2003,Nữ,Hà Nội,8749
KH0106,347359774,Võ Gia Trang,4/9/1977,Nam,Bình Dương,2267
KH0107,407581814,Trần Thanh Khánh,3/28/1982,Nữ,Bình Dương,2414
KH0108,613750606,Bùi Minh Minh,4/28/1987,Nam,Đà Nẵng,3678
KH0109,51522047,Lê Thanh Hương,2/14/1990,Nam,TP.HCM,311
KH0110,432898614,Phạm Minh Dũng,2/22/1972,Nam,Cần Thơ,7489
KH0111,117980893,Lê Minh Trang,1/26/1970,Nữ,Hà Nội,9349
KH0112,621851888,Bùi Gia An,7/8/1987,Nữ,TP.HCM,6338
KH0113,540515319,Huỳnh Thị Bình,10/21/1985,Nữ,Đồng Nai,2868
KH0114,772217043,Nguyễn Thanh Long,11/18/1971,Nữ,Đà Nẵng,8444
KH0115,687403450,Huỳnh Minh Dũng,11/9/2005,Nữ,Cần Thơ,6553
KH0116,765277584,Trần Ngọc Trang,7/17/1973,Nữ,Bình Dương,2956
KH0117,845115447,Đỗ Ngọc Trang,6/23/1977,Nữ,Đà Nẵng,7325
KH0118,59640165,Bùi Thanh Khánh,5/26/1971,Nam,Bình Dương,7179
KH0119,21355690,Đỗ Thị Linh,8/22/1986,Nữ,Cần Thơ,1259
KH0120,928565431,Nguyễn Ngọc Khánh,5/21/1992,Nữ,Bình Dương,1929
KH0121,447394731,Lê Thanh Cường,4/12/1990,Nam,Đồng Nai,7292
KH0122,155188442,Lê Thanh Tài,10/27/1992,Nam,TP.HCM,3292
KH0123,237058957,Bùi Thị Cường,12/13/1972,Nữ,Cần Thơ,7842
KH0124,866912517,Đặng Ngọc Tài,10/4/1975,Nam,Hà Nội,7088
KH0125,801824225,Phạm Minh Phúc,7/16/1973,Nữ,Hà Nội,9024
KH0126,424981829,Đỗ Thị Khánh,7/20/1999,Nữ,Bình Dương,674
KH0127,10943969,Nguyễn Hoàng Phúc,10/18/1998,Nữ,Cần Thơ,4012
KH0128,647102767,Đặng Thị Quang,3/19/1997,Nam,Đà Nẵng,5231
KH0129,562588153,Đặng Văn Nam,3/3/1990,Nam,Hà Nội,1586
KH0130,46963259,Huỳnh Thị Khánh,5/8/1992,Nữ,Cần Thơ,5055
KH0131,701687339,Huỳnh Văn Bình,8/15/1982,Nữ,Bình Dương,7710
KH0132,480162456,Huỳnh Văn Tuấn,4/18/1972,Nam,Đà Nẵng,9064
KH0133,416878499,Trần Thị Dũng,9/2/1987,Nữ,Đà Nẵng,9139
KH0134,523986800,Nguyễn Thị Quang,4/2/1991,Nữ,Hà Nội,9932
KH0135,825952694,Đỗ Minh Hương,10/16/2001,Nữ,Cần Thơ,272
KH0136,551694097,Hoàng Ngọc Minh,5/12/2002,Nam,Bình Dương,7871
KH0137,289623091,Phạm Văn Linh,1/27/1984,Nữ,Hà Nội,6765
KH0138,368970283,Bùi Minh Hương,7/28/1993,Nữ,Đà Nẵng,2837
KH0139,785854973,Phạm Minh Phúc,2/2/1980,Nữ,Đà Nẵng,3396
KH0140,757584419,Bùi Hoàng Tuấn,6/25/1985,Nam,Đà Nẵng,689
KH0141,415747338,Hoàng Gia Nam,2/28/1976,Nam,Bình Dương,9614
KH0142,330833016,Huỳnh Ngọc Hương,7/6/1974,Nam,TP.HCM,9016
KH0143,267734540,Trần Ngọc Minh,1/2/1994,Nam,Hà Nội,6846
KH0144,206724004,Đỗ Gia Dũng,1/11/1985,Nữ,Cần Thơ,8901
KH0145,872874315,Lê Ngọc Linh,1/30/1999,Nữ,Đồng Nai,3050
KH0146,54932966,Bùi Minh Cường,12/25/1987,Nam,Hà Nội,2303
KH0147,753046374,Huỳnh Minh An,9/25/1981,Nữ,Đồng Nai,3871
KH0148,17426841,Hoàng Minh Minh,10/31/1979,Nam,Cần Thơ,2509
KH0149,795687833,Đỗ Thanh Cường,7/28/1993,Nữ,Bình Dương,5927
KH0150,191088398,Lê Thị Quang,5/5/1993,Nữ,TP.HCM,3365
KH0151,971870728,Võ Hoàng Bình,1/25/1995,Nữ,Đồng Nai,5049
KH0152,64039106,Huỳnh Ngọc Cường,4/11/1994,Nam,TP.HCM,7734
KH0153,46226567,Võ Hoàng Cường,8/16/2000,Nam,Đồng Nai,5697
KH0154,128682300,Hoàng Hoàng Trang,11/11/1993,Nữ,Hà Nội,4055
KH0155,752431069,Nguyễn Thị Long,1/7/1973,Nam,Bình Dương,550
KH0156,790306738,Phạm Thanh Bình,4/14/1976,Nữ,Hà Nội,9438
KH0157,599534283,Võ Minh Nam,9/25/1972,Nam,Đồng Nai,6999
KH0158,870568566,Lê Minh Tuấn,4/1/1978,Nữ,Hà Nội,3692
KH0159,427086688,Lê Hoàng Minh,6/9/1981,Nam,Đà Nẵng,1295
KH0160,751830469,Đỗ Văn Cường,6/10/1978,Nam,Cần Thơ,3422
KH0161,540331739,Phạm Hoàng Minh,10/7/1994,Nữ,Đà Nẵng,6236
KH0162,785445877,Trần Thanh Hương,3/1/2004,Nữ,Hà Nội,6073
KH0163,560932048,Đỗ Gia Trang,3/30/1983,Nam,Hà Nội,5404
KH0164,369378547,Đặng Hoàng Khánh,11/14/2002,Nữ,Hà Nội,2293
KH0165,872808010,Nguyễn Hoàng Hùng,4/17/1998,Nam,TP.HCM,2474
KH0166,38750997,Đặng Văn An,11/15/1993,Nữ,TP.HCM,274
KH0167,848408621,Trần Gia Hùng,10/23/1980,Nam,Bình Dương,8625
KH0168,454615679,Phạm Ngọc Minh,6/16/1983,Nam,Đồng Nai,519
KH0169,166687002,Trần Hoàng Trang,12/6/1998,Nữ,Bình Dương,1562
KH0170,803397401,Hoàng Gia Bình,1/17/1978,Nữ,TP.HCM,3394
KH0171,926142939,Võ Ngọc Quang,3/21/1987,Nam,Đồng Nai,1284
KH0172,850163159,Đỗ Gia Tuấn,9/12/2004,Nữ,TP.HCM,4478
KH0173,773586629,Võ Văn Phúc,10/19/2005,Nam,Đồng Nai,1204
KH0174,142626551,Trần Văn Phúc,12/13/1989,Nữ,Đà Nẵng,1674
KH0175,212678886,Trần Văn Cường,11/16/1985,Nam,Bình Dương,9798
KH0176,560466183,Đỗ Gia Khánh,9/28/2000,Nữ,Hà Nội,2274
KH0177,444721264,Võ Minh Hương,2/9/2005,Nam,Đà Nẵng,4123
KH0178,379937124,Nguyễn Hoàng Quang,10/27/1997,Nữ,Đà Nẵng,7212
KH0179,569245937,Huỳnh Thị Tuấn,4/25/1984,Nữ,Đồng Nai,8044
KH0180,935646519,Phạm Gia Khánh,7/31/2000,Nam,Đồng Nai,7563
KH0181,374167243,Hoàng Ngọc Hùng,1/31/2002,Nữ,Cần Thơ,1211
KH0182,797968868,Nguyễn Thanh Tài,6/22/2001,Nam,TP.HCM,4067
KH0183,529096561,Nguyễn Văn Nam,12/17/1979,Nam,Cần Thơ,6129
KH0184,679825071,Hoàng Hoàng Cường,3/17/1975,Nam,Đà Nẵng,5110
KH0185,573875717,Đặng Minh Cường,6/21/1983,Nam,Đồng Nai,1885
KH0186,51238282,Huỳnh Gia Trang,9/23/1990,Nam,Cần Thơ,3022
KH0187,266093796,Võ Văn Long,3/26/1979,Nữ,Đồng Nai,1025
KH0188,918255371,Hoàng Ngọc Hương,9/3/1993,Nữ,Bình Dương,6367
KH0189,969155792,Hoàng Gia Cường,2/24/2000,Nam,Đà Nẵng,1931
KH0190,341252866,Đỗ Thị Tuấn,12/23/1988,Nam,Cần Thơ,8804
KH0191,282742257,Đỗ Văn Tài,6/7/1970,Nữ,Hà Nội,3196
KH0192,688767677,Lê Văn An,9/13/2005,Nam,Đà Nẵng,535
KH0193,438427978,Bùi Văn Dũng,1/7/1982,Nữ,Bình Dương,681
KH0194,783613407,Hoàng Minh Cường,9/11/1989,Nam,Hà Nội,3438
KH0195,959629233,Nguyễn Gia Tài,11/16/1993,Nữ,Bình Dương,8827
KH0196,254494812,Võ Văn Nam,6/4/1999,Nam,Đồng Nai,2174
KH0197,325367294,Võ Hoàng Linh,5/22/1973,Nam,Cần Thơ,8447
KH0198,457759017,Huỳnh Thanh Cường,9/10/2005,Nữ,Hà Nội,7039
KH0199,374545892,Đỗ Thanh Hương,5/12/2005,Nữ,Đồng Nai,793
KH0200,17012770,Võ Thị Hùng,2/27/1999,Nữ,Hà Nội,4489
KH0201,154152064,Phạm Hoàng Cường,7/26/2001,Nam,TP.HCM,3496
KH0202,712938700,Huỳnh Thanh Dũng,12/11/1988,Nam,Cần Thơ,1160
KH0203,361115542,Võ Thanh Hùng,10/12/1998,Nam,TP.HCM,8691
KH0204,909275326,Đỗ Ngọc Linh,9/30/1979,Nam,TP.HCM,2293
KH0205,196565234,Trần Thị Phúc,12/10/2004,Nam,Đồng Nai,4942
KH0206,389836403,Đặng Hoàng Dũng,10/24/1980,Nữ,Đồng Nai,9730
KH0207,180552696,Huỳnh Gia Khánh,3/19/2004,Nữ,TP.HCM,273
KH0208,910430068,Hoàng Ngọc Trang,12/31/1988,Nữ,TP.HCM,8791
KH0209,892414183,Lê Gia Quang,7/12/1987,Nam,Đà Nẵng,7167
KH0210,303161799,Nguyễn Minh Khánh,5/11/1975,Nam,Đồng Nai,2248
KH0211,27588425,Lê Ngọc Nam,11/17/2002,Nam,TP.HCM,5488
KH0212,648149177,Bùi Minh Bình,5/30/1992,Nam,Đà Nẵng,2577
KH0213,419138000,Phạm Văn Hương,4/30/1986,Nữ,Hà Nội,2932
KH0214,86353654,Trần Gia Tài,5/11/1975,Nam,Hà Nội,3656
KH0215,806174451,Bùi Hoàng An,7/20/1986,Nam,Đà Nẵng,9237
KH0216,493759738,Phạm Thị An,5/24/1988,Nam,Hà Nội,8872
KH0217,505064138,Phạm Hoàng Hương,9/8/1972,Nam,Đồng Nai,4584
KH0218,103865719,Trần Gia Hùng,8/2/1998,Nữ,TP.HCM,9697
KH0219,906234456,Huỳnh Minh Linh,3/14/1982,Nam,TP.HCM,3321
KH0220,291212775,Võ Văn Tài,7/22/2004,Nam,Cần Thơ,5051
KH0221,741124903,Huỳnh Thị Cường,11/25/2001,Nam,Đà Nẵng,6492
KH0222,804420678,Bùi Thị Dũng,9/23/1990,Nam,Hà Nội,1989
KH0223,3236519,Đỗ Minh Cường,12/24/1970,Nam,Hà Nội,7265
KH0224,215107029,Võ Thanh Tuấn,4/3/1992,Nam,Cần Thơ,6990
KH0225,253244720,Đỗ Gia Minh,1/14/1999,Nữ,Cần Thơ,6750
KH0226,870146263,Bùi Thị An,2/27/1987,Nữ,Cần Thơ,8921
KH0227,759856420,Huỳnh Gia Minh,4/26/1971,Nữ,TP.HCM,7728
KH0228,859321334,Bùi Thanh Bình,4/10/2004,Nam,Bình Dương,6363
KH0229,522395590,Huỳnh Gia Hùng,4/5/1995,Nam,Cần Thơ,8882
KH0230,427010393,Nguyễn Gia Hương,1/12/1970,Nữ,Bình Dương,3300
KH0231,252500292,Trần Thanh Tài,4/3/1973,Nữ,Đồng Nai,6481
KH0232,915452267,Huỳnh Thị Tài,1/6/1980,Nam,Cần Thơ,5026
KH0233,422096902,Đỗ Minh Minh,9/10/1998,Nam,Cần Thơ,2304
KH0234,513552157,Nguyễn Minh Long,3/12/1981,Nam,Đà Nẵng,4205
KH0235,100676267,Võ Minh Tuấn,7/20/1974,Nữ,Bình Dương,3695
KH0236,271040541,Trần Minh Khánh,11/4/1986,Nam,Đồng Nai,1228
KH0237,815997062,Đỗ Hoàng Khánh,5/27/1972,Nam,Đà Nẵng,3367
KH0238,368844431,Nguyễn Hoàng Hương,11/21/1976,Nam,Đà Nẵng,62
KH0239,614973103,Lê Ngọc Phúc,9/4/1973,Nữ,TP.HCM,5052
KH0240,677418625,Võ Minh Khánh,12/30/1989,Nam,Đà Nẵng,7204
KH0241,743490211,Huỳnh Thanh Trang,12/7/2003,Nam,Bình Dương,999
KH0242,686879374,Trần Hoàng Bình,7/10/1992,Nam,TP.HCM,7357
KH0243,223320616,Phạm Thanh Hùng,9/10/1996,Nữ,Đà Nẵng,1097
KH0244,168685487,Nguyễn Thanh Trang,1/18/1975,Nữ,Hà Nội,2428
KH0245,999119148,Huỳnh Hoàng Nam,3/8/1987,Nữ,Bình Dương,9977
KH0246,702462996,Nguyễn Hoàng Quang,12/22/2000,Nam,TP.HCM,7785
KH0247,450544471,Phạm Thị Phúc,5/13/2003,Nữ,Đà Nẵng,4414
KH0248,691373678,Huỳnh Thanh Bình,2/11/1993,Nam,TP.HCM,5097
KH0249,862890233,Nguyễn Thị Bình,6/23/1990,Nam,Đà Nẵng,3262
KH0250,457861035,Đặng Gia Linh,12/19/1977,Nữ,Bình Dương,9033
KH0251,552414060,Lê Thanh Long,12/6/1979,Nam,Đồng Nai,3387
KH0252,468007229,Nguyễn Thị Nam,4/16/1997,Nữ,Đồng Nai,4511
KH0253,665743748,Đỗ Hoàng Dũng,5/1/1970,Nữ,Bình Dương,9728
KH0254,944171545,Hoàng Minh Phúc,6/14/1978,Nam,Bình Dương,3937
KH0255,96520744,Võ Hoàng Tuấn,1/18/2003,Nam,Bình Dương,9372
KH0256,353875842,Bùi Thị Phúc,5/19/1974,Nữ,Hà Nội,4237
KH0257,825135346,Huỳnh Minh Nam,4/7/1996,Nữ,Cần Thơ,1929
KH0258,709991738,Trần Thanh Tuấn,10/7/1993,Nữ,Cần Thơ,885
KH0259,223569725,Lê Thanh Cường,11/15/1991,Nữ,Đồng Nai,2897
KH0260,500743292,Đặng Thanh Cường,10/22/1975,Nữ,Đồng Nai,7035
KH0261,667600835,Nguyễn Minh Long,10/21/1970,Nam,Đồng Nai,4076
KH0262,354216894,Lê Văn Bình,5/18/1983,Nữ,Cần Thơ,8524
KH0263,985625753,Lê Thanh Tuấn,11/10/1970,Nam,Hà Nội,2149
KH0264,309821506,Hoàng Thanh Bình,8/22/1996,Nam,Đồng Nai,1771
KH0265,1676184,Đặng Ngọc Hùng,3/21/1979,Nam,Đà Nẵng,6895
KH0266,184992618,Đỗ Văn Phúc,2/11/1975,Nam,Cần Thơ,3254
KH0267,934835642,Nguyễn Gia Hương,4/26/1979,Nữ,Đà Nẵng,3842
KH0268,1197218,Trần Ngọc Dũng,6/24/1981,Nam,Cần Thơ,4850
KH0269,470120455,Võ Ngọc Dũng,4/6/1974,Nam,TP.HCM,2267
KH0270,255794155,Lê Văn Tuấn,12/15/1987,Nữ,Đà Nẵng,6319
KH0271,762120216,Đỗ Hoàng Linh,2/17/1978,Nữ,Đà Nẵng,472
KH0272,277167014,Huỳnh Văn Minh,1/18/2000,Nữ,Bình Dương,8570
KH0273,916375628,Đỗ Văn An,11/11/1998,Nam,Bình Dương,7688
KH0274,721753540,Bùi Thị Tuấn,2/3/1988,Nam,TP.HCM,7521
KH0275,797177517,Nguyễn Văn Tuấn,6/30/1988,Nam,Bình Dương,8996
KH0276,19948837,Huỳnh Minh Bình,1/1/1980,Nữ,Đà Nẵng,9177
KH0277,997571130,Huỳnh Minh Phúc,7/27/1994,Nữ,Đồng Nai,1741
KH0278,27261493,Phạm Văn Tuấn,9/3/1979,Nữ,Hà Nội,5536
KH0279,160917798,Lê Hoàng An,10/16/1993,Nam,Bình Dương,7091
KH0280,978292216,Đỗ Gia Quang,8/12/1992,Nữ,Cần Thơ,9977
KH0281,346547226,Đỗ Ngọc Phúc,6/20/2001,Nữ,Đồng Nai,9069
KH0282,333945228,Bùi Ngọc Quang,11/12/2001,Nam,Đà Nẵng,9212
KH0283,799684608,Trần Văn Tuấn,7/9/1976,Nam,Đồng Nai,927
KH0284,342442043,Bùi Văn Tài,4/21/1990,Nam,Bình Dương,9205
KH0285,386384066,Võ Thanh Quang,10/8/1994,Nam,TP.HCM,4117
KH0286,397359893,Phạm Minh Linh,12/16/1977,Nam,Hà Nội,2847
KH0287,816064842,Lê Gia Nam,4/3/1970,Nữ,Cần Thơ,2536
KH0288,25909479,Bùi Minh Cường,3/3/2005,Nữ,Bình Dương,3603
KH0289,281826886,Trần Minh Minh,7/28/1979,Nữ,Đà Nẵng,5911
KH0290,439878015,Đặng Thị Minh,10/16/1971,Nữ,Cần Thơ,1857
KH0291,648408588,Đặng Hoàng Bình,4/19/1983,Nam,Đà Nẵng,8419
KH0292,112880133,Võ Thanh Dũng,3/23/1979,Nữ,Đồng Nai,1181
KH0293,207501102,Hoàng Gia Cường,10/17/1995,Nam,Đà Nẵng,6678
KH0294,676650618,Nguyễn Ngọc Cường,11/29/2003,Nam,Đồng Nai,1189
KH0295,581449147,Võ Hoàng An,4/6/1991,Nam,Bình Dương,3602
KH0296,268424508,Bùi Thị Dũng,11/16/1971,Nam,Bình Dương,9775
KH0297,688143536,Bùi Thị Khánh,4/3/1978,Nam,Bình Dương,4140
KH0298,312908781,Hoàng Ngọc Cường,3/31/1981,Nam,Hà Nội,9512
KH0299,755231491,Phạm Minh Hương,3/20/1990,Nữ,Bình Dương,5008
KH0300,929955620,Huỳnh Thị Minh,12/12/2001,Nữ,Đà Nẵng,5889
KH0301,257775478,Trần Thị Cường,8/3/1982,Nam,Bình Dương,3218
KH0302,411080996,Đỗ Thị Bình,9/29/1994,Nữ,Bình Dương,8842
KH0303,725639427,Bùi Gia Cường,10/19/1987,Nữ,Bình Dương,173
KH0304,392827229,Đỗ Ngọc Hùng,1/5/2003,Nữ,Đà Nẵng,662
KH0305,373145303,Bùi Thanh Tài,5/30/1987,Nữ,Cần Thơ,760
KH0306,51844989,Lê Hoàng Tuấn,5/22/1986,Nam,Bình Dương,4121
KH0307,638655779,Nguyễn Gia Hùng,9/25/1989,Nam,Hà Nội,1263
KH0308,843222591,Phạm Hoàng Quang,4/23/2002,Nam,Cần Thơ,7844
KH0309,739260302,Đỗ Gia Khánh,1/17/1976,Nam,Bình Dương,2406
KH0310,24286990,Hoàng Văn Long,2/24/1990,Nữ,Cần Thơ,2794
KH0311,369292984,Lê Ngọc Quang,5/5/1990,Nam,Hà Nội,6196
KH0312,621038862,Đỗ Văn Khánh,5/7/1991,Nam,Bình Dương,8246
KH0313,117298068,Võ Minh Bình,4/18/2001,Nữ,Hà Nội,7899
KH0314,659916247,Phạm Thanh Cường,9/16/1982,Nữ,Đà Nẵng,3096
KH0315,9818063,Huỳnh Hoàng Tài,10/13/1974,Nam,Cần Thơ,9590
KH0316,448695946,Phạm Hoàng Hương,1/7/1978,Nữ,Bình Dương,9091
KH0317,744956213,Đặng Thanh Khánh,7/1/1974,Nam,Bình Dương,6562
KH0318,589026012,Đặng Gia Trang,12/15/1973,Nam,Đà Nẵng,3633
KH0319,519066984,Đỗ Văn Khánh,9/21/1998,Nữ,Cần Thơ,175
KH0320,384309883,Đỗ Thị Bình,2/19/1986,Nam,Đồng Nai,4
KH0321,214656693,Bùi Văn Cường,1/17/1974,Nữ,Đồng Nai,9160
KH0322,955439376,Đỗ Văn Nam,11/7/1977,Nữ,Bình Dương,1744
KH0323,818451848,Đỗ Minh Linh,12/1/1986,Nữ,Hà Nội,5565
KH0324,779071416,Phạm Ngọc Minh,11/22/2005,Nữ,Cần Thơ,5785
KH0325,880434165,Trần Gia Khánh,5/18/1991,Nữ,Đà Nẵng,3580
KH0326,942373334,Phạm Thị Long,3/15/1981,Nữ,Hà Nội,1747
KH0327,117908075,Đỗ Minh Hương,10/9/1995,Nữ,Cần Thơ,2996
KH0328,846392086,Đặng Gia Bình,7/16/1992,Nữ,Cần Thơ,2863
KH0329,718750036,Đỗ Văn Quang,3/22/1986,Nữ,Hà Nội,8987
KH0330,434795527,Võ Thị Trang,6/7/2001,Nữ,Đà Nẵng,6563
KH0331,472929314,Phạm Gia Trang,2/1/1987,Nam,Hà Nội,2450
KH0332,702672885,Đặng Minh Nam,3/21/1995,Nam,Cần Thơ,1621
KH0333,203471754,Huỳnh Minh Nam,6/9/1985,Nam,Cần Thơ,1986
KH0334,593998245,Huỳnh Ngọc Hương,10/2/2004,Nữ,TP.HCM,6243
KH0335,947225699,Võ Thanh Cường,7/20/1973,Nam,Đà Nẵng,3739
KH0336,554496475,Đỗ Gia Linh,7/27/1988,Nam,Hà Nội,378
KH0337,234132611,Trần Hoàng Bình,3/8/1971,Nữ,Bình Dương,1363
KH0338,149216433,Hoàng Hoàng Hùng,11/21/1975,Nam,TP.HCM,575
KH0339,557784872,Bùi Thị Linh,4/23/1998,Nữ,Bình Dương,8745
KH0340,457831745,Võ Minh Hùng,8/14/1983,Nam,TP.HCM,8574
KH0341,254780774,Nguyễn Thanh Trang,10/17/2005,Nữ,Bình Dương,3788
KH0342,85368663,Lê Ngọc Tuấn,12/22/1986,Nam,Đà Nẵng,1297
KH0343,638944846,Phạm Thanh Cường,3/8/1978,Nam,Đà Nẵng,1808
KH0344,797497350,Lê Văn An,5/5/1978,Nam,Đà Nẵng,4410
KH0345,270312073,Huỳnh Hoàng Phúc,3/31/2005,Nữ,Đà Nẵng,7597
KH0346,51204618,Đặng Thị Long,3/21/1981,Nữ,TP.HCM,1998
KH0347,367303718,Phạm Hoàng Tuấn,7/26/2000,Nữ,Đà Nẵng,2598
KH0348,88147435,Nguyễn Thanh Long,1/25/1975,Nam,Đồng Nai,7113
KH0349,502491630,Nguyễn Gia Hương,11/17/2000,Nam,Đà Nẵng,1466
KH0350,327195005,Lê Ngọc Dũng,8/24/1975,Nữ,Hà Nội,5189
KH0351,857306524,Nguyễn Hoàng Linh,1/29/1995,Nữ,Bình Dương,8029
KH0352,392855749,Bùi Thị Cường,10/29/1993,Nam,Cần Thơ,4844
KH0353,485708620,Đỗ Thanh Tài,10/23/2004,Nam,Đà Nẵng,1037
KH0354,863878294,Huỳnh Hoàng Quang,12/15/1974,Nam,Bình Dương,1092
KH0355,22031731,Nguyễn Gia Tuấn,7/7/1999,Nữ,Bình Dương,9671
KH0356,405391037,Trần Hoàng Bình,3/11/1986,Nữ,Đà Nẵng,955
KH0357,948014138,Trần Văn Minh,11/6/1993,Nữ,Hà Nội,3164
KH0358,839288619,Huỳnh Ngọc Linh,7/7/2001,Nữ,TP.HCM,2733
KH0359,286852897,Huỳnh Minh Quang,9/4/1986,Nữ,Đồng Nai,7054
KH0360,593983684,Huỳnh Hoàng Linh,10/24/1987,Nam,Đồng Nai,567
KH0361,490824043,Phạm Thanh Quang,12/22/1970,Nữ,Bình Dương,8376
KH0362,899210752,Lê Minh Tài,2/12/1996,Nam,Hà Nội,4198
KH0363,419693157,Lê Hoàng Dũng,9/13/1996,Nữ,TP.HCM,9441
KH0364,610556613,Đỗ Văn Tuấn,6/5/1972,Nữ,Bình Dương,674
KH0365,589258320,Võ Hoàng Cường,12/18/1979,Nữ,Đà Nẵng,6460
KH0366,225179086,Hoàng Văn Tuấn,7/5/1992,Nữ,Đồng Nai,2136
KH0367,278376938,Đỗ Ngọc Minh,11/14/1980,Nam,Đà Nẵng,7046
KH0368,591166553,Huỳnh Minh An,7/11/2004,Nữ,Hà Nội,5729
KH0369,979270335,Lê Thanh Cường,1/16/1975,Nam,Hà Nội,2419
KH0370,405147705,Phạm Ngọc Long,2/22/1979,Nữ,Bình Dương,7913
KH0371,920698042,Nguyễn Minh Long,5/27/2005,Nữ,TP.HCM,7617
KH0372,16451046,Phạm Hoàng Dũng,2/25/1984,Nữ,Bình Dương,8709
KH0373,123878003,Bùi Minh Quang,12/24/1991,Nữ,Đồng Nai,2572
KH0374,55543840,Hoàng Hoàng An,11/23/1994,Nữ,Hà Nội,2485
KH0375,562168936,Phạm Gia Hùng,2/17/1989,Nữ,Bình Dương,5395
KH0376,782329832,Hoàng Ngọc Hùng,4/17/1989,Nam,Đồng Nai,9254
KH0377,251881252,Nguyễn Thanh Quang,7/28/1988,Nữ,Đà Nẵng,7258
KH0378,423122099,Hoàng Gia Minh,10/1/1996,Nam,Hà Nội,427
KH0379,517289752,Võ Hoàng Hương,3/3/1976,Nam,Hà Nội,3707
KH0380,60463331,Lê Hoàng Hương,11/8/2000,Nữ,Cần Thơ,4043
KH0381,660965699,Đỗ Gia Bình,5/10/1993,Nam,Cần Thơ,7485
KH0382,38860868,Nguyễn Thị Phúc,9/19/1989,Nữ,Đà Nẵng,4684
KH0383,726490827,Đặng Văn Dũng,1/24/1978,Nam,Cần Thơ,6775
KH0384,570279371,Hoàng Minh Khánh,3/23/2002,Nam,TP.HCM,1870
KH0385,751868926,Bùi Hoàng Bình,6/18/2004,Nam,Đà Nẵng,9265
KH0386,222206447,Hoàng Ngọc Khánh,4/11/1975,Nam,Hà Nội,57
KH0387,940777809,Đặng Thị Long,5/31/1996,Nữ,Cần Thơ,6719
KH0388,719903849,Bùi Thanh Long,3/12/1972,Nam,Hà Nội,902
KH0389,502099451,Nguyễn Văn Trang,12/30/1977,Nam,Đồng Nai,4659
KH0390,999827950,Trần Thanh Phúc,6/25/1984,Nữ,Cần Thơ,1108
KH0391,681472145,Bùi Hoàng Long,3/19/2001,Nam,Bình Dương,953
KH0392,198179469,Huỳnh Minh Tài,10/27/1975,Nữ,Bình Dương,8154
KH0393,729343010,Đặng Ngọc Dũng,1/30/2003,Nam,Bình Dương,6793
KH0394,605583034,Hoàng Thanh Cường,10/22/1983,Nữ,Bình Dương,9011
KH0395,501556990,Lê Thị Quang,2/27/1985,Nữ,Cần Thơ,582
KH0396,272785760,Bùi Minh Quang,11/27/1994,Nam,Hà Nội,9460
KH0397,551240568,Lê Gia Tuấn,5/29/1978,Nam,Đà Nẵng,5152
KH0398,46173574,Phạm Gia Phúc,11/7/1977,Nam,Đà Nẵng,612
KH0399,317807823,Huỳnh Hoàng Phúc,10/15/2004,Nữ,Hà Nội,1609
KH0400,823076810,Hoàng Văn Cường,12/13/1984,Nữ,TP.HCM,1689
KH0401,840943533,Hoàng Minh Quang,8/31/2004,Nữ,Đồng Nai,1927
KH0402,422410988,Trần Thị Tài,8/23/1994,Nữ,Đà Nẵng,2319
KH0403,493214958,Đặng Văn Hùng,4/21/1971,Nữ,Đồng Nai,826
KH0404,160166299,Đặng Gia Tài,1/7/1984,Nữ,Hà Nội,8740
KH0405,179217174,Đặng Hoàng Minh,1/15/1980,Nam,Bình Dương,4227
KH0406,562557701,Đặng Văn Tài,6/22/1991,Nữ,Hà Nội,4624
KH0407,599281615,Bùi Ngọc Cường,7/19/2005,Nữ,Bình Dương,7552
KH0408,696393827,Võ Văn Quang,5/5/1979,Nữ,Cần Thơ,9293
KH0409,583219719,Đỗ Hoàng Quang,11/25/1994,Nam,Cần Thơ,2886
KH0410,461919657,Nguyễn Văn Long,3/26/1976,Nam,Hà Nội,2444
KH0411,784699733,Huỳnh Minh Phúc,7/2/1989,Nữ,TP.HCM,9547
KH0412,98624058,Nguyễn Văn Tài,12/3/1974,Nữ,TP.HCM,3854
KH0413,696566668,Phạm Ngọc Khánh,4/21/1991,Nam,Hà Nội,9100
KH0414,656242201,Nguyễn Thị Hương,7/7/1999,Nữ,Hà Nội,1387
KH0415,267969278,Võ Gia Linh,4/5/1987,Nữ,Hà Nội,3044
KH0416,690973846,Bùi Gia Tài,7/3/1971,Nam,Bình Dương,7917
KH0417,519712847,Bùi Văn Cường,12/31/1980,Nữ,Đồng Nai,1279
KH0418,894905807,Đặng Gia Hương,9/30/1995,Nữ,Cần Thơ,5782
KH0419,442094940,Đặng Gia Khánh,9/12/1995,Nam,Đồng Nai,4780
KH0420,904712814,Hoàng Thị Nam,5/7/1982,Nữ,TP.HCM,1827
KH0421,929275243,Đặng Thị Bình,5/19/1985,Nam,Hà Nội,9757
KH0422,276637239,Huỳnh Văn Nam,11/21/2003,Nam,TP.HCM,2745
KH0423,767478366,Đặng Minh Hùng,10/17/1993,Nữ,TP.HCM,4731
KH0424,765801856,Đỗ Ngọc Nam,1/10/1985,Nữ,Đà Nẵng,1610
KH0425,496739385,Lê Minh An,3/7/2000,Nam,TP.HCM,195
KH0426,618175344,Phạm Văn An,10/14/1997,Nam,TP.HCM,9734
KH0427,391119269,Lê Văn Khánh,5/13/1981,Nữ,Cần Thơ,1240
KH0428,746542140,Võ Hoàng Quang,9/11/1972,Nữ,Đà Nẵng,2915
KH0429,717396271,Lê Gia Trang,10/19/1979,Nam,Cần Thơ,4243
KH0430,101194707,Lê Ngọc An,9/12/1971,Nữ,Đà Nẵng,2483
KH0431,569087766,Trần Gia Minh,2/24/1970,Nữ,Đồng Nai,7898
KH0432,198554601,Huỳnh Gia Quang,8/11/1973,Nữ,Đà Nẵng,3327
KH0433,280634615,Đặng Văn Linh,12/26/2002,Nam,Hà Nội,584
KH0434,309376184,Đặng Gia Linh,9/26/1970,Nam,Đà Nẵng,918
KH0435,506138782,Đỗ Thị Cường,8/28/1971,Nam,Cần Thơ,312
KH0436,790320204,Trần Hoàng Khánh,7/6/1996,Nam,TP.HCM,1870
KH0437,799313656,Huỳnh Văn Hùng,6/4/1984,Nam,TP.HCM,9717
KH0438,251142625,Bùi Thị Linh,12/5/1980,Nam,Hà Nội,1637
KH0439,962071002,Trần Ngọc Phúc,9/2/1988,Nữ,Đồng Nai,2079
KH0440,324876329,Nguyễn Gia Khánh,3/4/2002,Nữ,Bình Dương,1442
KH0441,456083318,Trần Gia Tài,2/22/2004,Nam,Cần Thơ,3409
KH0442,403127722,Nguyễn Văn Tài,10/15/1982,Nam,Cần Thơ,4118
KH0443,597010822,Nguyễn Hoàng Dũng,3/6/1973,Nam,Đồng Nai,7287
KH0444,995635315,Phạm Văn Minh,2/4/2003,Nữ,Hà Nội,6152
KH0445,317970623,Đỗ Hoàng Khánh,5/18/1987,Nữ,Hà Nội,7499
KH0446,354352090,Hoàng Thị Dũng,11/19/1990,Nữ,Cần Thơ,2804
KH0447,534929298,Phạm Văn Trang,5/28/1993,Nữ,Hà Nội,9692
KH0448,774063356,Đỗ Thị Hùng,9/26/1995,Nam,Cần Thơ,724
KH0449,78068671,Đặng Hoàng Minh,9/23/1973,Nam,Đồng Nai,6662
KH0450,325431074,Lê Ngọc Linh,8/3/1995,Nam,Cần Thơ,7598
KH0451,262570165,Bùi Văn Phúc,2/7/1989,Nữ,Đồng Nai,8887
KH0452,931950850,Trần Hoàng Tài,11/16/1990,Nam,Đà Nẵng,6003
KH0453,281832538,Trần Ngọc Hương,1/29/2003,Nam,Đồng Nai,3693
KH0454,554864015,Huỳnh Hoàng Hương,6/29/1992,Nam,Cần Thơ,8714
KH0455,847951371,Trần Hoàng Khánh,12/8/1982,Nam,TP.HCM,2699
KH0456,412723804,Võ Ngọc Hùng,4/5/1991,Nữ,Cần Thơ,7272
KH0457,43103856,Đỗ Minh Quang,10/23/1991,Nữ,Cần Thơ,4982
KH0458,924243754,Nguyễn Thị Tài,10/4/1982,Nữ,Hà Nội,2634
KH0459,842222310,Huỳnh Gia Hùng,10/11/1989,Nữ,Đà Nẵng,3022
KH0460,380552578,Lê Gia Phúc,6/14/1975,Nam,Cần Thơ,8182
KH0461,275208854,Đặng Minh Hùng,11/13/2005,Nữ,Đà Nẵng,1840
KH0462,702814069,Phạm Hoàng Tài,2/24/1974,Nữ,TP.HCM,9963
KH0463,398343018,Đặng Ngọc Cường,12/16/1992,Nữ,Hà Nội,8035
KH0464,599805626,Huỳnh Hoàng Tài,7/19/1970,Nữ,Đà Nẵng,5756
KH0465,478137674,Lê Thanh Trang,9/7/2002,Nữ,Hà Nội,9620
KH0466,912347851,Đỗ Thanh Tuấn,12/20/1973,Nam,Cần Thơ,4478
KH0467,628792326,Hoàng Gia Hương,11/23/1971,Nữ,Bình Dương,4979
KH0468,787300244,Đặng Văn Phúc,9/17/1988,Nam,Cần Thơ,4009
KH0469,14719597,Đỗ Hoàng Nam,3/4/1998,Nữ,Đồng Nai,1959
KH0470,589042902,Huỳnh Hoàng Hùng,1/12/1986,Nam,TP.HCM,4467
KH0471,565044818,Phạm Thanh Khánh,4/20/2004,Nam,Bình Dương,2738
KH0472,855445189,Huỳnh Thanh Hùng,7/31/1970,Nam,Bình Dương,4610
KH0473,576521328,Phạm Thanh Long,9/1/2005,Nam,Cần Thơ,7544
KH0474,112075452,Đặng Gia Quang,9/22/1977,Nữ,TP.HCM,1943
KH0475,322342321,Võ Ngọc Dũng,6/27/1973,Nam,Cần Thơ,7065
KH0476,31089071,Hoàng Văn Cường,7/14/1983,Nam,TP.HCM,2028
KH0477,939325012,Hoàng Gia Tài,10/19/1985,Nam,Bình Dương,3962
KH0478,891190833,Hoàng Thị An,7/16/2002,Nam,Hà Nội,8260
KH0479,759271256,Võ Thị Minh,4/13/1988,Nam,Đà Nẵng,2025
KH0480,718275480,Trần Minh Hương,3/11/1975,Nữ,Đà Nẵng,7486
KH0481,947386463,Trần Thanh Hương,6/18/2000,Nữ,Hà Nội,209
KH0482,716781126,Võ Ngọc Dũng,4/5/2003,Nam,TP.HCM,5959
KH0483,353961367,Hoàng Thanh Nam,12/5/2003,Nữ,Đà Nẵng,7795
KH0484,967842711,Hoàng Hoàng Hương,5/9/1980,Nam,TP.HCM,1631
KH0485,17026952,Hoàng Gia Dũng,2/6/2004,Nam,Đồng Nai,8518
KH0486,773477848,Huỳnh Thanh An,4/8/2004,Nam,Cần Thơ,1951
KH0487,675677002,Bùi Ngọc Phúc,9/3/2001,Nam,Cần Thơ,7056
KH0488,246719788,Đỗ Hoàng Hương,3/22/1995,Nam,Bình Dương,913
KH0489,647969545,Nguyễn Văn Bình,10/2/1975,Nữ,Đà Nẵng,9567
KH0490,56165565,Nguyễn Ngọc Minh,2/8/1981,Nam,Đồng Nai,5113
KH0491,911415208,Huỳnh Văn Linh,7/4/1999,Nữ,Bình Dương,8433
KH0492,640790569,Võ Minh Dũng,11/28/1991,Nam,Đồng Nai,3373
KH0493,578529456,Phạm Hoàng Cường,1/14/1994,Nam,Đà Nẵng,4344
KH0494,49639191,Đỗ Minh Nam,1/7/1973,Nữ,Cần Thơ,3436
KH0495,514846853,Võ Hoàng Nam,1/13/1998,Nữ,Đồng Nai,8971
KH0496,208297374,Bùi Thanh Trang,5/25/1995,Nam,Bình Dương,3287
KH0497,572324665,Trần Ngọc Long,7/2/1988,Nữ,Đà Nẵng,2631
KH0498,493631230,Phạm Thanh Phúc,10/27/1990,Nữ,Bình Dương,7145
KH0499,603242044,Bùi Thị Bình,5/30/2002,Nữ,TP.HCM,906
KH0500,159416516,Lê Thị Dũng,8/12/1995,Nam,Bình Dương,9509
KH0501,847139155,Đỗ Ngọc Tuấn,7/28/2003,Nam,Cần Thơ,3571
KH0502,212347649,Nguyễn Hoàng Tài,5/20/2001,Nam,Đà Nẵng,8941
KH0503,673425754,Nguyễn Ngọc Bình,3/4/2003,Nam,Đồng Nai,3926
KH0504,486451837,Võ Văn Tuấn,6/18/1981,Nữ,TP.HCM,3857
KH0505,432756041,Đặng Hoàng Trang,12/4/1984,Nữ,TP.HCM,2627
KH0506,481569857,Nguyễn Thanh Bình,10/9/1998,Nam,Đồng Nai,7264
KH0507,206345911,Lê Thị Hùng,8/24/1996,Nữ,Đà Nẵng,7397
KH0508,724295431,Võ Minh Khánh,8/27/1987,Nữ,Bình Dương,3677
KH0509,8931734,Lê Văn Tuấn,9/21/1997,Nữ,Bình Dương,4262
KH0510,215291086,Đặng Thanh Hương,4/26/1975,Nam,Đồng Nai,3328
KH0511,344762639,Phạm Thanh Phúc,8/7/2002,Nam,Cần Thơ,2955
KH0512,620443973,Huỳnh Gia Linh,11/5/1973,Nam,Cần Thơ,2182
KH0513,563669411,Bùi Văn Bình,12/6/1984,Nam,Cần Thơ,5804
KH0514,990048964,Võ Ngọc Tài,12/7/1975,Nam,Bình Dương,2938
KH0515,428757215,Bùi Hoàng Hùng,9/6/1981,Nam,Đà Nẵng,723
KH0516,274564494,Bùi Minh Trang,5/27/1977,Nữ,Đồng Nai,8049
KH0517,287032032,Nguyễn Hoàng Nam,5/3/1977,Nữ,Cần Thơ,1900
KH0518,707587771,Lê Văn Tài,3/14/1974,Nam,Đà Nẵng,2959
KH0519,284993908,Đỗ Thị Trang,6/12/1973,Nam,Cần Thơ,1545
KH0520,504165915,Lê Văn Cường,8/24/1990,Nữ,Cần Thơ,4412
KH0521,905097592,Phạm Thanh Bình,12/15/2005,Nữ,Đà Nẵng,909
KH0522,189616423,Võ Văn An,5/5/1979,Nam,Cần Thơ,6592
KH0523,421476492,Huỳnh Ngọc Dũng,6/26/1986,Nam,Cần Thơ,7298
KH0524,674996165,Đỗ Thị Trang,4/17/1998,Nữ,TP.HCM,662
KH0525,857327881,Hoàng Hoàng Trang,7/21/1973,Nữ,Đà Nẵng,2434
KH0526,243864908,Trần Văn Dũng,11/27/1992,Nữ,Cần Thơ,1548
KH0527,794549180,Trần Ngọc Linh,1/20/1978,Nam,Cần Thơ,741
KH0528,164597794,Huỳnh Thanh Khánh,6/21/1979,Nam,TP.HCM,9896
KH0529,416800610,Lê Ngọc Hương,8/23/1990,Nữ,Đồng Nai,9861
KH0530,749956412,Lê Văn Long,1/8/1975,Nam,Đồng Nai,3083
KH0531,37236831,Hoàng Thanh Linh,8/24/1976,Nữ,Cần Thơ,357
KH0532,122777079,Phạm Thị Phúc,7/18/1995,Nữ,TP.HCM,5469
KH0533,16679984,Nguyễn Hoàng Tuấn,10/22/1991,Nữ,Hà Nội,994
KH0534,806958146,Đặng Văn Hương,12/7/1997,Nữ,Cần Thơ,7147
KH0535,24375738,Phạm Gia Quang,1/3/1997,Nữ,Hà Nội,4806
KH0536,665729341,Đặng Thị Khánh,12/13/1978,Nam,Bình Dương,8063
KH0537,167433800,Huỳnh Minh Tài,5/13/2000,Nam,Hà Nội,8248
KH0538,15619318,Phạm Hoàng Nam,4/7/1985,Nữ,TP.HCM,9126
KH0539,428910771,Trần Thanh Dũng,3/26/1995,Nam,Bình Dương,1727
KH0540,213524787,Trần Thị Tài,1/4/1985,Nam,TP.HCM,3307
KH0541,760375482,Trần Minh Tài,1/30/2002,Nữ,Đà Nẵng,4021
KH0542,286326667,Bùi Thanh Tài,5/3/1971,Nữ,Hà Nội,162
KH0543,811556260,Võ Thanh Bình,8/13/1999,Nam,Bình Dương,947
KH0544,846684550,Hoàng Gia Hùng,5/31/2001,Nữ,Cần Thơ,3360
KH0545,899756341,Nguyễn Gia Quang,6/30/1987,Nam,Bình Dương,8860
KH0546,431884852,Nguyễn Văn Nam,10/29/1980,Nữ,Đồng Nai,6926
KH0547,810548510,Trần Hoàng Phúc,9/5/1995,Nam,Cần Thơ,5553
KH0548,399893544,Đỗ Ngọc Hùng,1/16/2002,Nữ,Bình Dương,4057
KH0549,158935712,Võ Thanh Trang,9/4/1973,Nam,TP.HCM,6961
KH0550,273715869,Bùi Gia Tuấn,10/30/1981,Nữ,Đồng Nai,6937
KH0551,776228277,Lê Ngọc Dũng,2/25/2001,Nam,Cần Thơ,7755
KH0552,28519611,Huỳnh Gia Phúc,10/22/1971,Nam,TP.HCM,6086
KH0553,454470229,Võ Văn Phúc,9/19/1982,Nam,Hà Nội,8008
KH0554,18510679,Hoàng Gia Linh,2/25/1985,Nữ,Cần Thơ,9923
KH0555,228777251,Đỗ Ngọc Trang,5/16/1987,Nam,Cần Thơ,5554
KH0556,807412094,Bùi Ngọc Dũng,11/19/1998,Nam,Hà Nội,8877
KH0557,909837801,Bùi Thị An,5/2/1982,Nam,Hà Nội,9495
KH0558,718956907,Nguyễn Minh Trang,2/5/1978,Nữ,TP.HCM,8649
KH0559,564111824,Lê Thị Nam,6/18/2004,Nam,Hà Nội,5026
KH0560,620952004,Võ Văn Quang,5/23/1976,Nữ,Đà Nẵng,4225
KH0561,610339937,Bùi Thanh Tuấn,3/1/1975,Nữ,TP.HCM,5215
KH0562,786170630,Hoàng Gia Dũng,1/18/1981,Nam,Đà Nẵng,9310
KH0563,671832582,Phạm Gia Trang,11/26/1994,Nữ,TP.HCM,16
KH0564,794200749,Hoàng Thanh Tuấn,10/6/1985,Nam,Bình Dương,8361
KH0565,402891416,Trần Thanh Hùng,7/11/2002,Nữ,Cần Thơ,3454
KH0566,985547435,Huỳnh Thị Linh,11/22/1996,Nữ,TP.HCM,2190
KH0567,97002687,Võ Gia Cường,4/26/2005,Nam,Bình Dương,507
KH0568,715695620,Trần Hoàng Tài,8/28/1978,Nữ,TP.HCM,3629
KH0569,45319433,Đặng Minh Bình,8/5/1982,Nữ,Đồng Nai,9929
KH0570,303614987,Lê Gia Long,8/7/1999,Nam,TP.HCM,9636
KH0571,212493843,Nguyễn Ngọc Nam,7/14/2000,Nữ,TP.HCM,6997
KH0572,56641877,Huỳnh Gia Bình,5/9/2002,Nam,TP.HCM,4553
KH0573,687506351,Đỗ Thanh An,1/30/2003,Nam,Đồng Nai,6943
KH0574,133254110,Đặng Hoàng An,7/31/1996,Nữ,Đà Nẵng,4049
KH0575,173505831,Đỗ Gia Linh,4/10/2004,Nam,Đồng Nai,7314
KH0576,911006512,Nguyễn Thanh Linh,6/16/1972,Nữ,Bình Dương,7075
KH0577,110804661,Đỗ Thanh Trang,6/16/1980,Nam,Cần Thơ,6290
KH0578,769915078,Huỳnh Gia Long,11/5/1974,Nam,TP.HCM,9751
KH0579,193928456,Đặng Ngọc Linh,5/5/1978,Nam,Hà Nội,722
KH0580,24968549,Bùi Thanh Hùng,8/12/1976,Nữ,Đà Nẵng,9884
KH0581,545089203,Bùi Thanh Bình,12/7/1988,Nữ,Hà Nội,3282
KH0582,315377959,Đỗ Minh Phúc,10/12/1988,Nữ,Hà Nội,1717
KH0583,707303379,Phạm Thị Hương,12/14/2002,Nữ,Đồng Nai,6158
KH0584,362050150,Bùi Văn Hùng,1/13/1983,Nữ,Hà Nội,9595
KH0585,500334234,Lê Minh Minh,1/4/1978,Nam,TP.HCM,2884
KH0586,410261534,Đặng Thị Tài,9/14/1986,Nam,Bình Dương,7106
KH0587,112233865,Huỳnh Gia Trang,7/15/1998,Nam,TP.HCM,9622
KH0588,384253042,Bùi Gia Hương,5/22/1979,Nam,Cần Thơ,1062
KH0589,286857872,Huỳnh Ngọc Tài,7/28/1993,Nữ,Đồng Nai,8106
KH0590,749690333,Đặng Thanh Minh,10/5/1987,Nam,Đà Nẵng,6963
KH0591,692548121,Hoàng Hoàng Tài,4/29/1980,Nam,Cần Thơ,8392
KH0592,956776657,Huỳnh Minh Tuấn,2/9/1971,Nam,Cần Thơ,3830
KH0593,415148881,Hoàng Thị Dũng,4/27/1975,Nam,Đà Nẵng,627
KH0594,835354443,Đỗ Thị Nam,5/20/1970,Nữ,Đà Nẵng,5679
KH0595,669078263,Phạm Ngọc Long,4/14/1991,Nam,Bình Dương,9617
KH0596,877515366,Phạm Hoàng Linh,1/19/1995,Nam,Đà Nẵng,2276
KH0597,924075536,Võ Ngọc Tuấn,3/21/2004,Nữ,Đà Nẵng,9616
KH0598,90225999,Đỗ Thanh Tuấn,2/8/1987,Nam,Cần Thơ,1043
KH0599,863715974,Trần Thị Dũng,4/10/2000,Nam,TP.HCM,9885
KH0600,702316433,Hoàng Ngọc Cường,5/25/1990,Nam,Đà Nẵng,8495
KH0601,25662128,Võ Hoàng Cường,6/14/1987,Nam,Hà Nội,3369
KH0602,467299493,Bùi Ngọc Linh,5/10/1982,Nam,TP.HCM,2337
KH0603,716938597,Đặng Hoàng Bình,1/27/2003,Nam,Đà Nẵng,7476
KH0604,546926329,Võ Hoàng Tuấn,7/26/1999,Nam,Đồng Nai,9316
KH0605,160324841,Phạm Hoàng Trang,3/5/2004,Nam,Đà Nẵng,1253
KH0606,185672438,Nguyễn Hoàng An,4/14/1973,Nữ,Cần Thơ,5630
KH0607,636004125,Đặng Hoàng Linh,1/22/1973,Nam,Bình Dương,3969
KH0608,727422091,Lê Minh Dũng,12/25/1993,Nữ,Hà Nội,1271
KH0609,42752308,Phạm Hoàng Bình,6/23/1998,Nam,Cần Thơ,5051
KH0610,709006335,Phạm Thị Cường,9/20/1970,Nữ,TP.HCM,238
KH0611,531312206,Bùi Văn Quang,6/22/1984,Nam,Bình Dương,3393
KH0612,866133155,Lê Văn Tuấn,5/4/1999,Nữ,TP.HCM,6376
KH0613,373149501,Phạm Hoàng Phúc,6/6/2004,Nữ,TP.HCM,8784
KH0614,924195625,Lê Ngọc Quang,11/22/1999,Nữ,TP.HCM,5490
KH0615,99768389,Nguyễn Thị An,8/25/1997,Nam,Đà Nẵng,3873
KH0616,639102574,Phạm Thị Tuấn,3/3/1979,Nam,Hà Nội,9798
KH0617,752450864,Nguyễn Thị Quang,5/17/1985,Nam,Hà Nội,8836
KH0618,33968527,Nguyễn Văn Hương,2/20/1973,Nam,TP.HCM,2318
KH0619,321298338,Trần Hoàng Linh,12/22/1983,Nam,Đồng Nai,3236
KH0620,362934497,Phạm Minh Hương,8/3/1973,Nữ,Cần Thơ,6188
KH0621,277689627,Nguyễn Thanh Tuấn,3/4/1989,Nam,Đà Nẵng,9751
KH0622,828246747,Hoàng Hoàng Hương,3/24/1973,Nữ,Hà Nội,7688
KH0623,323008576,Võ Hoàng Tài,3/25/1987,Nữ,Đà Nẵng,9638
KH0624,160169236,Hoàng Thanh Tài,11/10/1992,Nữ,Đồng Nai,6032
KH0625,66337050,Lê Minh Linh,7/20/2000,Nam,Đà Nẵng,4053
KH0626,992011669,Trần Gia Long,12/21/1988,Nam,Cần Thơ,4143
KH0627,488694611,Đỗ Thanh Tài,5/27/1976,Nữ,Đồng Nai,3432
KH0628,640270116,Bùi Hoàng Phúc,11/19/2002,Nữ,Hà Nội,2890
KH0629,522372817,Đỗ Thanh Long,4/30/1978,Nam,TP.HCM,2993
KH0630,346791214,Trần Hoàng Dũng,6/1/1982,Nam,Đà Nẵng,486
KH0631,937710040,Đỗ Thanh Bình,5/6/1974,Nam,Bình Dương,118
KH0632,698477596,Huỳnh Minh Quang,2/21/1984,Nam,Đà Nẵng,6528
KH0633,690551076,Lê Văn Dũng,10/20/1993,Nữ,Đồng Nai,4072
KH0634,579786305,Nguyễn Ngọc Tài,1/20/1972,Nữ,Đồng Nai,7279
KH0635,397691567,Trần Ngọc Tuấn,3/8/1983,Nam,Đồng Nai,2345
KH0636,898027148,Đặng Thị Linh,3/11/1975,Nữ,Đồng Nai,8858
KH0637,333211602,Huỳnh Hoàng Nam,11/20/1979,Nữ,Đồng Nai,7803
KH0638,128715399,Trần Ngọc Quang,11/29/1986,Nữ,Đồng Nai,9206
KH0639,633414111,Huỳnh Ngọc Long,5/27/2003,Nam,Bình Dương,6025
KH0640,256904098,Phạm Thanh Tuấn,1/2/1989,Nữ,Đà Nẵng,2069
KH0641,899316087,Huỳnh Thị Phúc,10/27/1979,Nữ,Đồng Nai,7467
KH0642,294209548,Trần Minh Hương,4/23/1998,Nam,Cần Thơ,4775
KH0643,605233027,Võ Minh Khánh,12/20/1970,Nữ,Đà Nẵng,6921
KH0644,756618443,Bùi Hoàng Dũng,11/15/1975,Nữ,Bình Dương,886
KH0645,472927742,Phạm Thị Long,12/26/2002,Nam,Đà Nẵng,9431
KH0646,126620157,Lê Văn Dũng,2/13/1993,Nữ,Bình Dương,7107
KH0647,263013674,Đỗ Thị Tuấn,10/20/2004,Nam,Cần Thơ,6260
KH0648,475011117,Bùi Thị An,4/28/1996,Nữ,Đà Nẵng,1549
KH0649,926764921,Huỳnh Văn Khánh,3/7/1988,Nam,Cần Thơ,9110
KH0650,887189813,Trần Thị Khánh,3/29/1970,Nữ,Đà Nẵng,2015
KH0651,29321840,Trần Văn Phúc,4/23/1986,Nam,Cần Thơ,1
KH0652,340848729,Đặng Ngọc Quang,6/12/1993,Nữ,Bình Dương,8818
KH0653,831030324,Phạm Thị Long,7/18/1996,Nữ,Đà Nẵng,2105
KH0654,961844626,Đặng Văn Nam,5/7/2000,Nữ,Đồng Nai,2346
KH0655,831435989,Lê Hoàng Hùng,3/11/1984,Nữ,Cần Thơ,424
KH0656,931418186,Trần Minh Cường,4/11/1986,Nữ,Đà Nẵng,2397
KH0657,340163611,Lê Gia Phúc,5/31/1996,Nữ,TP.HCM,8666
KH0658,594849102,Huỳnh Thanh Tuấn,2/8/1978,Nữ,Đồng Nai,8711
KH0659,896792408,Lê Ngọc Hùng,5/26/1976,Nữ,Bình Dương,4380
KH0660,53967275,Đặng Gia Phúc,5/17/1982,Nữ,Bình Dương,3748
KH0661,414651113,Trần Thị Bình,10/17/1973,Nữ,Bình Dương,8074
KH0662,68277881,Võ Văn Long,6/18/2003,Nam,Đồng Nai,6962
KH0663,853890972,Bùi Thị Khánh,5/15/1973,Nữ,Hà Nội,8416
KH0664,506762515,Phạm Thanh Dũng,1/5/1983,Nữ,Cần Thơ,4809
KH0665,430963480,Đặng Gia Hương,7/31/1972,Nữ,TP.HCM,7542
KH0666,545105265,Nguyễn Văn Trang,1/27/1992,Nam,TP.HCM,8668
KH0667,826170243,Đặng Hoàng Tài,6/5/1983,Nữ,Cần Thơ,2984
KH0668,841772256,Nguyễn Minh Long,12/19/1974,Nam,Đà Nẵng,659
KH0669,266502374,Trần Hoàng Hương,9/5/1994,Nữ,Đồng Nai,2087
KH0670,568621102,Lê Minh An,6/3/2004,Nam,TP.HCM,5605
KH0671,690674471,Võ Thị Hùng,9/18/2002,Nam,Hà Nội,4606
KH0672,143637189,Lê Thị Hùng,4/16/1980,Nam,Hà Nội,6574
KH0673,43260931,Nguyễn Hoàng Trang,7/20/1993,Nữ,Đồng Nai,3791
KH0674,356708604,Trần Minh Tài,8/2/1982,Nữ,Đồng Nai,6849
KH0675,350200053,Hoàng Hoàng Nam,3/17/1997,Nam,Cần Thơ,3028
KH0676,475541108,Lê Minh Tài,4/3/2003,Nữ,Đồng Nai,9648
KH0677,895343961,Trần Thị Dũng,11/4/1971,Nam,Hà Nội,7303
KH0678,118954738,Lê Văn Hùng,8/7/1978,Nữ,Bình Dương,4137
KH0679,855716176,Bùi Gia An,6/28/1977,Nữ,Đồng Nai,2112
KH0680,409036788,Trần Thị Linh,9/4/2003,Nữ,Bình Dương,6393
KH0681,694320293,Đỗ Ngọc An,6/19/2005,Nữ,Bình Dương,8602
KH0682,443448123,Nguyễn Gia Minh,2/3/1983,Nam,Đồng Nai,2427
KH0683,424033810,Huỳnh Ngọc Tài,7/23/1984,Nam,Đồng Nai,8999
KH0684,426945005,Phạm Ngọc Nam,12/5/1977,Nữ,TP.HCM,8804
KH0685,916498373,Huỳnh Minh Long,2/3/1996,Nữ,Hà Nội,7308
KH0686,365271727,Lê Thanh Khánh,6/22/1978,Nữ,Đồng Nai,2955
KH0687,404226931,Lê Văn Trang,1/1/1981,Nữ,Đồng Nai,6594
KH0688,182091660,Trần Thanh An,3/31/2004,Nam,Hà Nội,4068
KH0689,142900185,Trần Thị Hùng,7/21/1991,Nữ,Hà Nội,5036
KH0690,572308481,Nguyễn Thanh Bình,8/12/1974,Nữ,TP.HCM,8381
KH0691,620303662,Huỳnh Ngọc Phúc,2/18/1980,Nữ,Đồng Nai,1841
KH0692,721314519,Huỳnh Văn Tài,10/21/1973,Nam,Bình Dương,2475
KH0693,268592624,Đỗ Thanh Phúc,8/17/1985,Nam,Đà Nẵng,8179
KH0694,541022526,Đặng Ngọc Hương,1/7/1973,Nam,Bình Dương,7003
KH0695,421522655,Đặng Hoàng Hương,2/8/2001,Nữ,Bình Dương,5463
KH0696,236687887,Bùi Gia Minh,4/3/1987,Nam,Bình Dương,6911
KH0697,893135030,Huỳnh Gia Hương,12/29/1975,Nam,TP.HCM,5723
KH0698,524728633,Phạm Văn Hùng,4/5/1975,Nam,Cần Thơ,431
KH0699,650191792,Nguyễn Thị Tài,5/3/1976,Nam,Hà Nội,1262
KH0700,96227284,Đặng Hoàng Quang,12/1/1989,Nam,Đà Nẵng,1822
KH0701,200928206,Võ Ngọc Linh,11/10/1994,Nữ,Bình Dương,8222
KH0702,436241862,Phạm Hoàng Bình,10/27/1979,Nữ,Hà Nội,9163
KH0703,917756620,Huỳnh Ngọc Trang,9/26/1978,Nữ,TP.HCM,1710
KH0704,159503428,Trần Văn Long,10/14/1996,Nam,Đà Nẵng,3075
KH0705,830341990,Đỗ Thanh Hương,1/19/1972,Nam,Đà Nẵng,1527
KH0706,405468356,Huỳnh Thị Dũng,11/11/1984,Nữ,Đồng Nai,8250
KH0707,182096790,Hoàng Thị Hùng,8/11/2000,Nữ,TP.HCM,1528
KH0708,332288985,Đặng Thanh Hùng,3/17/1985,Nữ,Đà Nẵng,7059
KH0709,63399129,Đặng Văn An,5/25/1976,Nữ,Bình Dương,1428
KH0710,717524214,Đỗ Minh Tài,1/1/1974,Nam,Hà Nội,7548
KH0711,474721970,Huỳnh Thanh Phúc,12/26/1987,Nữ,Bình Dương,2113
KH0712,758955168,Đặng Minh Bình,11/3/1997,Nam,Đồng Nai,4011
KH0713,802146296,Trần Thị Tuấn,9/26/1990,Nam,Đà Nẵng,7632
KH0714,787112166,Phạm Hoàng Quang,11/22/1972,Nữ,Đà Nẵng,9901
KH0715,737147082,Đặng Thị Long,5/12/1984,Nam,Bình Dương,6230
KH0716,56730306,Hoàng Minh Khánh,10/1/1973,Nam,TP.HCM,4487
KH0717,614768342,Nguyễn Văn Trang,5/5/1985,Nữ,Hà Nội,3253
KH0718,567782659,Võ Thanh An,2/28/1995,Nam,TP.HCM,9477
KH0719,925502727,Huỳnh Văn Trang,10/15/1981,Nam,Cần Thơ,2059
KH0720,791033682,Đỗ Hoàng Long,8/13/1985,Nam,Hà Nội,9450
KH0721,55044817,Đặng Hoàng Trang,10/11/1985,Nữ,Bình Dương,6977
KH0722,851276528,Đỗ Thị Trang,2/12/1987,Nữ,Đồng Nai,7167
KH0723,491111096,Trần Hoàng Dũng,6/2/1998,Nữ,Bình Dương,9522
KH0724,46337861,Phạm Thanh Hương,8/1/1975,Nữ,Cần Thơ,6765
KH0725,605384444,Võ Ngọc Minh,3/10/1970,Nữ,TP.HCM,254
KH0726,25895529,Võ Thị Tuấn,8/23/1978,Nữ,TP.HCM,9467
KH0727,626265826,Phạm Văn Hùng,8/14/1992,Nam,Đồng Nai,9452
KH0728,648253110,Võ Văn Hùng,4/1/1971,Nam,Bình Dương,6265
KH0729,27523343,Bùi Thanh Minh,7/31/2002,Nữ,Đà Nẵng,847
KH0730,412091179,Trần Văn Hùng,9/2/1982,Nữ,Hà Nội,1520
KH0731,175361706,Trần Hoàng Cường,6/8/1979,Nữ,Cần Thơ,5137
KH0732,722402990,Trần Minh Tài,9/16/1991,Nam,Hà Nội,8548
KH0733,413908088,Lê Thị Tài,2/24/1975,Nam,TP.HCM,5366
KH0734,231244731,Huỳnh Ngọc Phúc,12/14/1990,Nữ,Cần Thơ,8399
KH0735,634234619,Đỗ Minh Khánh,8/15/2005,Nam,Đồng Nai,7992
KH0736,676945919,Võ Hoàng Long,6/11/1995,Nữ,Đà Nẵng,1052
KH0737,720849649,Bùi Minh Tuấn,5/6/1971,Nam,Hà Nội,5286
KH0738,625313552,Huỳnh Văn An,4/16/1984,Nam,Đồng Nai,5388
KH0739,379538164,Đỗ Thị Long,8/14/1974,Nữ,Đồng Nai,9959
KH0740,196655330,Đặng Hoàng Bình,4/24/1982,Nữ,TP.HCM,2033
KH0741,729596390,Hoàng Văn An,9/18/1990,Nữ,Hà Nội,6599
KH0742,88050171,Võ Ngọc Phúc,4/28/1982,Nữ,Đà Nẵng,6559
KH0743,185790647,Đặng Thanh Dũng,10/10/1986,Nam,TP.HCM,3670
KH0744,2156321,Phạm Ngọc Tài,2/11/1994,Nam,Đồng Nai,860
KH0745,401041459,Võ Minh Khánh,3/7/1976,Nữ,TP.HCM,2069
KH0746,529671883,Đỗ Hoàng Hương,8/2/1982,Nữ,Đồng Nai,7908
KH0747,314415833,Trần Văn Hương,9/14/1972,Nam,TP.HCM,3541
KH0748,763715398,Bùi Thanh Quang,2/11/2004,Nữ,Đồng Nai,7438
KH0749,281235679,Bùi Thị Tuấn,6/7/1978,Nam,Đà Nẵng,6931
KH0750,249127113,Nguyễn Hoàng Khánh,12/19/1981,Nam,Cần Thơ,8698
KH0751,754181563,Lê Hoàng Trang,10/13/1992,Nữ,TP.HCM,7230
KH0752,451066343,Võ Thị Nam,10/3/1993,Nữ,Bình Dương,7103
KH0753,103131009,Hoàng Thị Cường,11/14/1993,Nam,Đà Nẵng,3710
KH0754,966613473,Lê Thanh Long,8/5/1985,Nữ,Đồng Nai,9769
KH0755,401289743,Lê Minh Cường,6/23/1977,Nam,Đà Nẵng,7458
KH0756,207650241,Lê Ngọc An,8/24/1996,Nữ,Cần Thơ,9554
KH0757,73710094,Phạm Gia Khánh,11/13/2003,Nam,TP.HCM,1638
KH0758,457758474,Huỳnh Hoàng An,10/26/1985,Nữ,Đồng Nai,5467
KH0759,897148026,Phạm Ngọc Hùng,1/9/1986,Nữ,TP.HCM,4003
KH0760,965313614,Bùi Hoàng Khánh,11/25/1981,Nữ,Đà Nẵng,6406
KH0761,964430985,Đỗ Văn Trang,9/4/2005,Nữ,Bình Dương,5685
KH0762,410727284,Đỗ Gia Khánh,8/15/1983,Nữ,Đà Nẵng,1058
KH0763,407034910,Đặng Minh An,4/21/1989,Nữ,Đồng Nai,10
KH0764,42548821,Hoàng Thị Long,5/19/1989,Nam,Đà Nẵng,3585
KH0765,75366614,Hoàng Gia Phúc,10/10/1977,Nữ,Đồng Nai,5283
KH0766,923426834,Hoàng Văn Phúc,6/3/1995,Nữ,Bình Dương,3004
KH0767,661287585,Đặng Minh Trang,12/5/1990,Nữ,Cần Thơ,7557
KH0768,80612943,Đỗ Gia Tài,9/17/1975,Nữ,TP.HCM,6433
KH0769,260787010,Hoàng Thanh Dũng,12/16/1984,Nam,Đà Nẵng,9264
KH0770,750198038,Lê Gia Hương,2/13/1976,Nam,Đồng Nai,2535
KH0771,440793110,Lê Gia Dũng,4/26/1993,Nam,Hà Nội,3347
KH0772,170876014,Võ Hoàng Khánh,7/16/1980,Nữ,Bình Dương,7194
KH0773,916202232,Bùi Ngọc Long,5/12/1991,Nữ,Đà Nẵng,4742
KH0774,197546617,Võ Thanh Trang,8/24/1976,Nam,Đà Nẵng,7488
KH0775,196094097,Nguyễn Minh Hùng,12/28/1990,Nữ,Đà Nẵng,149
KH0776,258835868,Trần Thị Hùng,10/13/1985,Nữ,Cần Thơ,2294
KH0777,446176792,Đỗ Ngọc Nam,10/22/1975,Nữ,Bình Dương,9514
KH0778,599610023,Trần Ngọc Dũng,5/27/1992,Nữ,Đà Nẵng,3793
KH0779,312661094,Trần Văn Cường,10/22/1989,Nữ,Bình Dương,482
KH0780,251762983,Phạm Minh Hương,8/17/1989,Nữ,Hà Nội,3296
KH0781,268319013,Nguyễn Thanh Hùng,3/27/1970,Nữ,Cần Thơ,9310
KH0782,815287339,Đặng Gia Tài,12/28/1985,Nam,TP.HCM,7190
KH0783,661912841,Trần Hoàng Minh,4/23/1972,Nữ,TP.HCM,3670
KH0784,446512418,Đỗ Thị Phúc,11/28/1987,Nam,Bình Dương,1816
KH0785,974005643,Huỳnh Thanh Bình,4/1/1976,Nam,Bình Dương,5400
KH0786,37199051,Võ Gia Cường,9/26/1994,Nữ,Hà Nội,4432
KH0787,10783567,Hoàng Thanh Minh,12/18/1970,Nam,TP.HCM,3214
KH0788,896087066,Lê Hoàng Trang,8/26/1994,Nam,TP.HCM,7175
KH0789,195535603,Phạm Văn An,3/10/1980,Nữ,Đồng Nai,8785
KH0790,900301027,Lê Minh Bình,2/3/1984,Nữ,Bình Dương,4001
KH0791,429671114,Bùi Thị Hương,8/20/2001,Nữ,Hà Nội,7266
KH0792,458438458,Bùi Văn Bình,7/20/1985,Nữ,Đồng Nai,7966
KH0793,413283483,Trần Minh Hùng,8/11/1971,Nam,Đồng Nai,7213
KH0794,710704496,Hoàng Thanh Cường,9/5/1972,Nữ,Bình Dương,6290
KH0795,706670336,Lê Ngọc Trang,11/20/1993,Nam,Đồng Nai,4999
KH0796,85095493,Nguyễn Minh Trang,3/6/1989,Nam,TP.HCM,9065
KH0797,648769984,Lê Hoàng Linh,6/13/2003,Nam,Hà Nội,248
KH0798,441384596,Nguyễn Gia Nam,3/24/1986,Nữ,Đồng Nai,4104
KH0799,901495427,Đặng Văn Linh,5/26/1970,Nữ,TP.HCM,5877
KH0800,783609149,Bùi Minh Cường,10/4/1989,Nam,Đà Nẵng,4524
KH0801,472322903,Trần Ngọc Bình,4/7/1978,Nữ,Bình Dương,5199
KH0802,83044058,Nguyễn Gia Minh,9/8/1985,Nam,TP.HCM,8305
KH0803,718133595,Võ Văn Trang,9/13/1982,Nam,TP.HCM,5350
KH0804,955657490,Lê Minh Bình,1/18/1983,Nam,Bình Dương,418
KH0805,193588953,Võ Thanh Bình,6/23/1999,Nam,Cần Thơ,1285
KH0806,139898681,Bùi Thanh Bình,3/26/1997,Nữ,Đồng Nai,8592
KH0807,875439435,Phạm Thanh Tài,5/10/1980,Nữ,Đà Nẵng,1890
KH0808,376515881,Huỳnh Ngọc Hương,2/23/1997,Nam,Cần Thơ,6862
KH0809,392836929,Hoàng Thanh Phúc,4/28/1985,Nữ,TP.HCM,1335
KH0810,668297327,Nguyễn Thị Dũng,10/11/1988,Nữ,Bình Dương,7698
KH0811,120602128,Bùi Hoàng Trang,11/23/1985,Nam,Cần Thơ,9124
KH0812,341559991,Nguyễn Văn Tài,2/19/1990,Nữ,Đồng Nai,7368
KH0813,647229812,Nguyễn Gia Tài,3/25/2000,Nữ,Cần Thơ,5250
KH0814,728941347,Huỳnh Văn Trang,10/18/1982,Nữ,Cần Thơ,5219
KH0815,220368499,Huỳnh Văn Tài,10/11/1982,Nam,TP.HCM,4716
KH0816,477324491,Phạm Ngọc Nam,4/29/1976,Nam,Hà Nội,9046
KH0817,820908830,Đặng Thanh An,7/30/1986,Nam,Đà Nẵng,9357
KH0818,678274117,Võ Hoàng Nam,11/24/1973,Nam,Đà Nẵng,1908
KH0819,513152854,Đặng Ngọc Cường,9/15/2001,Nữ,TP.HCM,7100
KH0820,185380032,Đỗ Hoàng Minh,3/16/2000,Nam,Đà Nẵng,7702
KH0821,272742318,Phạm Văn Trang,1/7/1973,Nữ,Bình Dương,3416
KH0822,206496935,Đặng Gia Khánh,6/18/1983,Nam,Đà Nẵng,7947
KH0823,769587413,Trần Thanh Phúc,10/27/1988,Nữ,Đà Nẵng,4053
KH0824,612751562,Đặng Thanh Hương,12/17/1996,Nữ,Đồng Nai,3847
KH0825,44836085,Hoàng Ngọc Quang,6/12/1988,Nữ,Cần Thơ,6966
KH0826,640473504,Đặng Hoàng Minh,9/6/1995,Nam,Bình Dương,3378
KH0827,199529800,Võ Văn Quang,10/27/1985,Nam,Đồng Nai,806
KH0828,835832863,Hoàng Thanh Khánh,10/9/1986,Nữ,Cần Thơ,3532
KH0829,830008186,Đặng Văn Khánh,9/13/1982,Nữ,TP.HCM,3768
KH0830,304166241,Trần Văn Trang,11/27/1970,Nam,Đồng Nai,8875
KH0831,921963945,Võ Gia An,7/22/1983,Nữ,Cần Thơ,3320
KH0832,149764613,Võ Gia Nam,9/7/1991,Nữ,Đồng Nai,8736
KH0833,836076581,Đặng Thị An,10/29/1987,Nam,Cần Thơ,6059
KH0834,791452118,Lê Thị Hương,8/14/1996,Nam,TP.HCM,2315
KH0835,697893074,Võ Minh Quang,10/3/1976,Nam,Đà Nẵng,9262
KH0836,960438787,Huỳnh Ngọc Minh,6/8/1984,Nữ,Đồng Nai,7913
KH0837,881161620,Lê Gia Dũng,6/15/1977,Nam,Cần Thơ,1862
KH0838,67287286,Võ Văn Phúc,4/11/1975,Nữ,Đà Nẵng,4441
KH0839,859592248,Phạm Thanh Tài,4/19/1993,Nữ,Cần Thơ,7583
KH0840,352287056,Lê Thị Hương,1/3/1973,Nam,Đà Nẵng,3074
KH0841,318751097,Đỗ Thị Cường,9/20/1985,Nam,Đà Nẵng,231
KH0842,344694596,Hoàng Gia Long,6/23/1973,Nam,TP.HCM,3546
KH0843,424912896,Huỳnh Gia Nam,1/27/2003,Nữ,Hà Nội,2754
KH0844,33192227,Nguyễn Minh Cường,5/5/1972,Nam,Bình Dương,7203
KH0845,675481386,Võ Thanh Tuấn,9/6/2001,Nữ,Đà Nẵng,5107
KH0846,858193242,Võ Gia Linh,12/26/1991,Nữ,Đồng Nai,1970
KH0847,865205756,Phạm Gia Long,2/27/1987,Nữ,Hà Nội,174
KH0848,375830945,Trần Minh Nam,7/21/1992,Nam,Bình Dương,4473
KH0849,47604409,Nguyễn Thanh Hương,4/3/1997,Nữ,Cần Thơ,2847
KH0850,781050922,Lê Văn Trang,5/11/1975,Nam,Cần Thơ,1021
KH0851,518439055,Lê Gia Tài,2/28/1993,Nam,Đồng Nai,6605
KH0852,601382412,Đặng Văn Nam,4/19/1997,Nam,Đồng Nai,8281
KH0853,620448515,Đặng Gia Cường,5/26/1995,Nữ,TP.HCM,1904
KH0854,121259020,Phạm Ngọc Tài,8/26/1990,Nam,Đồng Nai,4042
KH0855,432406424,Lê Gia Quang,7/27/1988,Nam,Hà Nội,4469
KH0856,324474175,Đỗ Minh Tài,8/24/2004,Nữ,Đồng Nai,2793
KH0857,96289365,Hoàng Thị Quang,5/21/2001,Nữ,TP.HCM,8409
KH0858,343740182,Đặng Thị Linh,4/28/1996,Nữ,Đà Nẵng,9236
KH0859,690515026,Đặng Minh Quang,1/23/1999,Nam,Hà Nội,5865
KH0860,427820797,Đỗ Gia Trang,10/15/2002,Nữ,Cần Thơ,3990
KH0861,459576403,Bùi Văn Trang,2/7/1989,Nữ,Bình Dương,6565
KH0862,902824983,Đỗ Thanh Hùng,10/30/1975,Nữ,TP.HCM,1481
KH0863,425762702,Phạm Thị Phúc,10/18/1983,Nam,Hà Nội,3869
KH0864,361328507,Lê Minh Dũng,2/13/1991,Nữ,Đồng Nai,3481
KH0865,767316252,Võ Thanh Quang,9/14/1982,Nữ,Bình Dương,6452
KH0866,815790392,Phạm Minh Tài,3/31/1985,Nam,Bình Dương,9816
KH0867,613273034,Võ Văn Quang,3/25/1987,Nam,Cần Thơ,2469
KH0868,446704622,Võ Ngọc Dũng,11/9/1990,Nam,Đà Nẵng,1661
KH0869,602529867,Nguyễn Hoàng Tuấn,12/13/1988,Nam,Đà Nẵng,6962
KH0870,419785758,Huỳnh Văn Khánh,1/8/1989,Nữ,Đồng Nai,1310
KH0871,205943897,Võ Văn Linh,8/21/1982,Nam,TP.HCM,8021
KH0872,750954654,Nguyễn Gia Nam,1/7/1978,Nữ,Đà Nẵng,6833
KH0873,75409150,Bùi Ngọc Tuấn,2/25/1981,Nam,TP.HCM,8765
KH0874,122764579,Phạm Thanh Linh,10/28/1971,Nam,Đà Nẵng,6107
KH0875,29168154,Võ Hoàng An,4/2/1978,Nữ,Đồng Nai,1298
KH0876,613944988,Phạm Ngọc Bình,10/15/1986,Nữ,Hà Nội,7158
KH0877,424809624,Hoàng Văn Trang,4/17/1979,Nam,Cần Thơ,2126
KH0878,447951330,Huỳnh Thị Cường,6/4/1997,Nữ,Đồng Nai,9983
KH0879,796958678,Nguyễn Minh Quang,5/4/1984,Nữ,Cần Thơ,2486
KH0880,773826460,Đỗ Văn Hương,3/7/1995,Nữ,TP.HCM,3400
KH0881,854457702,Đỗ Gia Khánh,1/1/1998,Nữ,Bình Dương,7070
KH0882,604873682,Võ Gia Dũng,5/8/1974,Nữ,Hà Nội,3462
KH0883,194226865,Phạm Hoàng Nam,4/30/1984,Nữ,Đồng Nai,1730
KH0884,588863677,Hoàng Thanh Linh,1/15/1977,Nam,Cần Thơ,4725
KH0885,85721696,Võ Hoàng Long,7/20/1998,Nam,Bình Dương,3673
KH0886,299819960,Huỳnh Gia Minh,6/20/1977,Nữ,Đồng Nai,1490
KH0887,509688327,Huỳnh Ngọc Minh,11/10/1977,Nữ,Đồng Nai,3273
KH0888,524103977,Phạm Ngọc Linh,11/7/1980,Nam,Cần Thơ,8195
KH0889,195237100,Võ Thanh Hương,4/15/1987,Nam,Cần Thơ,4260
KH0890,819807704,Võ Thanh Bình,4/20/1986,Nữ,Đồng Nai,8381
KH0891,761124912,Huỳnh Hoàng Quang,5/14/1976,Nam,Cần Thơ,3442
KH0892,415177345,Hoàng Ngọc Linh,10/31/1984,Nữ,Đồng Nai,4225
KH0893,949022840,Phạm Minh Tài,1/7/2002,Nữ,Đà Nẵng,2593
KH0894,947742229,Hoàng Thanh Tuấn,7/17/1981,Nam,TP.HCM,3467
KH0895,942904588,Võ Hoàng Khánh,6/10/1985,Nam,Bình Dương,8209
KH0896,585672872,Đặng Hoàng An,12/31/1999,Nam,Đà Nẵng,3683
KH0897,433249135,Đặng Hoàng An,6/23/2003,Nam,Đồng Nai,3318
KH0898,506158148,Bùi Thanh Cường,10/17/2005,Nam,Cần Thơ,9284
KH0899,833423372,Nguyễn Gia Nam,10/5/1994,Nữ,TP.HCM,3113
KH0900,128403339,Đỗ Hoàng Linh,5/30/1974,Nam,Đà Nẵng,1196
KH0901,371717318,Đỗ Thị Hương,6/16/1983,Nam,Bình Dương,7041
KH0902,173997046,Đỗ Minh Hương,4/24/1998,Nam,Đà Nẵng,8311
KH0903,784448354,Bùi Gia Phúc,1/29/1998,Nữ,TP.HCM,2984
KH0904,705877221,Võ Ngọc Phúc,3/30/1974,Nữ,Đà Nẵng,8824
KH0905,231334845,Bùi Hoàng Dũng,9/18/2000,Nữ,Bình Dương,3445
KH0906,925236229,Lê Minh Hương,4/25/1999,Nữ,Đồng Nai,4413
KH0907,347452455,Huỳnh Hoàng Phúc,1/29/1989,Nữ,Cần Thơ,92
KH0908,606527403,Phạm Ngọc Nam,3/23/1983,Nữ,TP.HCM,5273
KH0909,665883398,Đặng Thanh Nam,10/17/1974,Nam,Hà Nội,2628
KH0910,579706734,Đỗ Gia Tuấn,8/29/1972,Nam,TP.HCM,5614
KH0911,485741721,Huỳnh Thanh Trang,10/22/1976,Nam,Bình Dương,4896
KH0912,938173598,Hoàng Gia Phúc,12/6/2000,Nam,Hà Nội,1114
KH0913,557325737,Huỳnh Minh Long,5/25/2000,Nữ,Đà Nẵng,9889
KH0914,21666708,Nguyễn Gia Tài,9/23/1970,Nữ,TP.HCM,8261
KH0915,587495119,Trần Gia Dũng,11/8/1993,Nam,Bình Dương,1437
KH0916,979316477,Lê Ngọc Quang,4/11/1973,Nam,Đồng Nai,9424
KH0917,578606940,Đỗ Thanh Tuấn,11/6/1970,Nam,Hà Nội,5281
KH0918,624395873,Đỗ Minh Hùng,6/22/1978,Nam,Hà Nội,5054
KH0919,210890285,Trần Minh Quang,4/28/1980,Nam,Hà Nội,4963
KH0920,264335027,Trần Thanh Tuấn,2/21/1971,Nữ,Đồng Nai,3417
KH0921,607763369,Trần Văn Khánh,9/23/1992,Nam,Hà Nội,3434
KH0922,179556331,Bùi Minh Hương,6/14/1981,Nam,Cần Thơ,264
KH0923,66615541,Võ Thanh Phúc,4/15/1980,Nam,Đồng Nai,6384
KH0924,704502329,Nguyễn Thị Hùng,4/16/1976,Nữ,TP.HCM,1002
KH0925,934596262,Lê Gia Hùng,4/14/2003,Nam,Đà Nẵng,1792
KH0926,207346549,Huỳnh Văn An,11/15/1984,Nam,Cần Thơ,560
KH0927,260869822,Trần Văn Tài,12/28/1979,Nam,Cần Thơ,1086
KH0928,177687290,Hoàng Hoàng Hương,7/10/1981,Nam,Đà Nẵng,8847
KH0929,591779323,Bùi Thị Hùng,2/13/1980,Nam,Đồng Nai,1553
KH0930,649133424,Huỳnh Ngọc Linh,12/25/1999,Nữ,Hà Nội,5373
KH0931,652906032,Nguyễn Thị Bình,8/26/2005,Nam,Hà Nội,6500
KH0932,509775396,Đặng Thị Linh,11/14/1997,Nữ,Bình Dương,7206
KH0933,148552457,Bùi Hoàng Dũng,12/19/1999,Nữ,Bình Dương,4306
KH0934,156082137,Trần Văn Phúc,9/1/1975,Nữ,Đà Nẵng,7414
KH0935,681826832,Phạm Thanh An,11/30/1978,Nữ,Bình Dương,9845
KH0936,298808583,Bùi Thị Tài,2/13/1977,Nam,Đồng Nai,2713
KH0937,932896340,Võ Minh Tuấn,5/28/1993,Nữ,Cần Thơ,7667
KH0938,524014843,Đỗ Gia Cường,8/28/1972,Nữ,Hà Nội,2355
KH0939,723626693,Phạm Thanh Tài,3/1/1973,Nam,Đà Nẵng,2300
KH0940,619237245,Nguyễn Ngọc Dũng,5/9/1993,Nữ,Bình Dương,1681
KH0941,973741897,Lê Văn Quang,3/17/1982,Nam,Cần Thơ,4185
KH0942,176927438,Trần Văn Tài,10/28/1980,Nữ,Đồng Nai,7085
KH0943,601444856,Hoàng Minh Cường,7/31/1970,Nam,Đồng Nai,7955
KH0944,397396417,Bùi Gia Tuấn,3/18/1997,Nữ,TP.HCM,9857
KH0945,191911359,Đỗ Hoàng Tuấn,3/22/2002,Nam,Đà Nẵng,7212
KH0946,798066039,Lê Văn Quang,6/7/1974,Nữ,Cần Thơ,464
KH0947,745553470,Huỳnh Hoàng Nam,6/23/2004,Nam,Hà Nội,9150
KH0948,856527155,Đỗ Gia Minh,3/14/1984,Nữ,TP.HCM,1481
KH0949,659726347,Huỳnh Minh Linh,3/20/1986,Nam,Hà Nội,5288
KH0950,13948848,Bùi Thị Tuấn,9/29/1997,Nam,Hà Nội,1529
KH0951,196425856,Lê Hoàng Dũng,1/11/2003,Nữ,Bình Dương,9340
KH0952,153703824,Nguyễn Hoàng Minh,3/7/2001,Nam,Hà Nội,3700
KH0953,732043097,Đặng Hoàng Long,6/30/1988,Nam,Bình Dương,9517
KH0954,696454655,Phạm Minh Tài,6/16/1973,Nam,Đà Nẵng,4045
KH0955,892187851,Đỗ Thị Tài,3/10/2002,Nam,Cần Thơ,4409
KH0956,907977961,Lê Văn Linh,1/28/1995,Nam,Đà Nẵng,7809
KH0957,215149409,Đặng Hoàng Hùng,10/11/1987,Nam,Đồng Nai,7407
KH0958,484539862,Bùi Ngọc Quang,4/22/1970,Nam,Đồng Nai,5871
KH0959,911918623,Phạm Gia Khánh,2/17/1978,Nam,Đồng Nai,8109
KH0960,151169666,Đặng Thị Quang,3/18/1978,Nam,Đà Nẵng,5818
KH0961,264712463,Phạm Minh Cường,3/28/1985,Nữ,TP.HCM,8583
KH0962,409080512,Nguyễn Gia An,3/18/1970,Nữ,Cần Thơ,5017
KH0963,99512397,Lê Gia Long,6/27/1985,Nam,Đồng Nai,2534
KH0964,959272827,Nguyễn Gia Bình,2/11/1994,Nam,Đà Nẵng,4774
KH0965,152982173,Đỗ Thị Quang,5/25/1990,Nữ,Cần Thơ,1906
KH0966,815352373,Võ Văn Tài,8/18/1972,Nữ,Đồng Nai,9685
KH0967,181589988,Võ Thanh Long,9/4/1982,Nữ,Hà Nội,7338
KH0968,346666170,Đặng Văn Quang,3/6/1995,Nữ,Bình Dương,6370
KH0969,474080314,Đỗ Ngọc Khánh,10/2/1998,Nữ,Đồng Nai,785
KH0970,800463580,Võ Ngọc Khánh,10/27/1992,Nữ,Đồng Nai,732
KH0971,317235137,Phạm Gia An,1/12/1972,Nữ,Hà Nội,1905
KH0972,403526356,Nguyễn Thị Hùng,11/9/1996,Nam,Bình Dương,4230
KH0973,694346066,Võ Minh Long,12/14/2004,Nữ,Đà Nẵng,9832
KH0974,60723111,Lê Thanh Hương,12/25/1972,Nam,Bình Dương,5363
KH0975,246484494,Trần Thanh Dũng,9/19/1987,Nam,TP.HCM,9089
KH0976,732807711,Phạm Văn Tuấn,4/11/1978,Nam,Đồng Nai,1104
KH0977,369572790,Bùi Thanh Long,6/22/2004,Nam,Đồng Nai,5208
KH0978,90254257,Phạm Ngọc Bình,7/22/1987,Nữ,Hà Nội,4780
KH0979,813235707,Trần Thanh Minh,12/27/1996,Nữ,Bình Dương,2639
KH0980,285011688,Nguyễn Gia Khánh,6/25/2002,Nữ,Đà Nẵng,629
KH0981,213060906,Đỗ Văn Minh,3/10/2004,Nam,Bình Dương,8938
KH0982,107964967,Phạm Ngọc Hương,6/24/1997,Nữ,Đà Nẵng,7454
KH0983,727853242,Võ Minh Khánh,7/6/1986,Nam,Cần Thơ,4912
KH0984,207683625,Phạm Hoàng Trang,9/27/1988,Nữ,Đồng Nai,7410
KH0985,767555628,Phạm Thị Long,12/19/2001,Nam,Bình Dương,3188
KH0986,957865436,Lê Hoàng Dũng,5/8/1994,Nữ,Đà Nẵng,6752
KH0987,33582686,Lê Hoàng An,2/16/2001,Nam,Cần Thơ,9296
KH0988,249269326,Huỳnh Hoàng Minh,2/16/2003,Nam,Cần Thơ,5180
KH0989,998011100,Nguyễn Minh Cường,1/21/1984,Nữ,Hà Nội,2467
KH0990,341595977,Huỳnh Ngọc Khánh,12/31/1982,Nữ,TP.HCM,9205
KH0991,222618962,Bùi Gia Hương,5/24/2001,Nữ,Đồng Nai,4086
KH0992,127102676,Đặng Thị An,4/17/1996,Nữ,Cần Thơ,9582
KH0993,927079551,Huỳnh Văn Khánh,1/20/1976,Nữ,Đồng Nai,6449
KH0994,213541597,Nguyễn Gia Trang,8/1/1977,Nữ,Đà Nẵng,3146
KH0995,848075203,Hoàng Minh Linh,6/3/1989,Nữ,TP.HCM,4470
KH0996,715802909,Nguyễn Minh Tuấn,12/15/1978,Nữ,Cần Thơ,6363
KH0997,46558665,Lê Minh Nam,10/12/1994,Nam,Cần Thơ,4614
KH0998,417158102,Trần Thị Cường,12/11/1977,Nữ,TP.HCM,2523
KH0999,931100591,Lê Gia Linh,4/22/1998,Nữ,Đồng Nai,1733
KH1000,910231211,Nguyễn Hoàng Minh,6/7/1979,Nam,Đồng Nai,1301
